SurveyEventID,SurveyDate,PointID,VFzone,Species,Focal?,Sex,GroupSize,Distance,Angle,Control_or_Treatment,Burn2022,Burn2023
22,11-May-22,5T,5T,AMCR,FALSE,U,1,-999,-999,Treatment,no,yes
23,11-May-22,4T,4T,AMCR,FALSE,U,1,198,256,Treatment,no,yes
24,11-May-22,4C,4C,AMCR,FALSE,U,1,199,274,Control,no,yes
29,15-Jun-22,11C,11C,AMCR,FALSE,U,3,158,153,Control,no,no
53,8-Jul-22,8C,8C,AMCR,FALSE,U,1,190,70,Control,no,yes
59,11-Jul-22,1C,1C,AMCR,FALSE,U,1,-999,-999,Control,no,no
60,11-Jul-22,3C,3C,AMCR,FALSE,U,1,-999,-999,Control,no,yes
73,10-May-23,2T,2T,AMCR,FALSE,U,1,-999,-999,Treatment,no,no
76,10-May-23,1T,1T,AMCR,FALSE,U,1,-999,-999,Treatment,no,no
94,9-Jun-23,7T,7T,AMCR,FALSE,U,2,-999,-999,Treatment,yes,yes
123,11-Jul-23,1C,1C,AMCR,FALSE,U,2,-999,-999,Control,no,no
47,8-Jul-22,6C,6C,AMGO,FALSE,M,1,40,308,Control,yes,yes
57,8-Jul-22,10T,10T,AMGO,FALSE,M,1,12,103,Treatment,no,no
74,10-May-23,2C,2C,AMGO,FALSE,U,1,-999,-999,Control,no,no
72,10-May-23,4C,4C,AMGP,FALSE,U,1,-999,-999,Control,no,yes
3,7-May-22,6T,6T,AMPI,FALSE,U,3,46,300,Treatment,yes,yes
3,7-May-22,6T,6T,AMPI,FALSE,U,2,11,58,Treatment,yes,yes
3,7-May-22,6T,6T,AMPI,FALSE,U,15,47,334,Treatment,yes,yes
70,10-May-23,5C,5T,AMPI,FALSE,U,2,-999,-999,Treatment,no,yes
70,10-May-23,5C,5T,AMPI,FALSE,U,3,-999,-999,Treatment,no,yes
70,10-May-23,5C,5T,AMPI,FALSE,U,10,78,338,Treatment,no,yes
2,7-May-22,6C,6C,BARS,FALSE,U,1,-999,-999,Control,yes,yes
5,7-May-22,7T,7T,BARS,FALSE,U,2,-999,-999,Treatment,yes,yes
10,7-May-22,9C,9C,BARS,FALSE,U,2,-999,-999,Control,no,no
14,10-May-22,11T,11T,BARS,FALSE,U,1,-999,-999,Treatment,no,no
17,11-May-22,3T,3T,BARS,FALSE,U,1,-999,-999,Treatment,no,no
30,15-Jun-22,11T,11T,BARS,FALSE,U,1,-999,-999,Treatment,no,no
33,15-Jun-22,10T,10T,BARS,FALSE,U,5,-999,-999,Treatment,no,no
68,11-Jul-22,5T,5T,BARS,FALSE,U,1,-999,-999,Treatment,no,yes
79,17-May-23,11T,11T,BARS,FALSE,U,1,-999,-999,Treatment,no,no
80,17-May-23,11C,11C,BARS,FALSE,U,2,-999,-999,Control,no,no
135,10-Jul-23,11C,11C,BARS,FALSE,U,1,-999,-999,Control,no,no
137,10-Jul-23,10T,10T,BARS,FALSE,U,1,-999,-999,Treatment,no,no
138,10-Jul-23,10C,10C,BARS,FALSE,U,1,-999,-999,Control,no,no
144,10-Jul-23,6T,6T,BARS,FALSE,U,3,-999,-999,Treatment,yes,yes
2,7-May-22,6C,6C,BHCO,TRUE,M,1,105,227,Control,yes,yes
2,7-May-22,6C,6C,BHCO,TRUE,M,1,-999,-999,Control,yes,yes
2,7-May-22,6C,6C,BHCO,TRUE,MF,9,-999,-999,Control,yes,yes
5,7-May-22,7T,7T,BHCO,TRUE,M,2,-999,-999,Treatment,yes,yes
5,7-May-22,7T,7T,BHCO,TRUE,MF,5,-999,-999,Treatment,yes,yes
5,7-May-22,7T,7T,BHCO,TRUE,MF,3,-999,-999,Treatment,yes,yes
8,7-May-22,8C,8C,BHCO,TRUE,M,1,-999,-999,Control,no,yes
8,7-May-22,8C,8C,BHCO,TRUE,M,1,-999,-999,Control,no,yes
9,7-May-22,9T,9T,BHCO,TRUE,M,1,93,30,Treatment,yes,no
9,7-May-22,9T,9T,BHCO,TRUE,M,1,-999,-999,Treatment,yes,no
12,7-May-22,10T,10T,BHCO,TRUE,F,1,-999,-999,Treatment,no,no
14,10-May-22,11T,11T,BHCO,TRUE,MF,3,-999,-999,Treatment,no,no
16,11-May-22,1C,1C,BHCO,TRUE,M,1,-999,-999,Control,no,no
18,11-May-22,1T,1T,BHCO,TRUE,M,1,-999,-999,Treatment,no,no
18,11-May-22,1T,1T,BHCO,TRUE,M,1,127,232,Treatment,no,no
19,11-May-22,2T,2T,BHCO,TRUE,M,1,-999,-999,Treatment,no,no
20,11-May-22,2C,2C,BHCO,TRUE,M,1,-999,-999,Control,no,no
23,11-May-22,4T,4T,BHCO,TRUE,MF,3,-999,-999,Treatment,no,yes
25,14-Jun-22,4T,4T,BHCO,TRUE,M,1,-999,-999,Treatment,no,yes
30,15-Jun-22,11T,11T,BHCO,TRUE,M,1,-999,-999,Treatment,no,no
31,15-Jun-22,9C,9C,BHCO,TRUE,M,1,-999,-999,Control,no,no
31,15-Jun-22,9C,9C,BHCO,TRUE,M,2,-999,-999,Control,no,no
32,15-Jun-22,9T,9T,BHCO,TRUE,M,1,-999,-999,Treatment,yes,no
35,14-Jun-22,3C,3C,BHCO,TRUE,M,1,-999,-999,Control,no,yes
35,14-Jun-22,3C,3C,BHCO,TRUE,M,1,-999,-999,Control,no,yes
36,14-Jun-22,1C,1C,BHCO,TRUE,M,1,-999,-999,Control,no,no
37,14-Jun-22,1T,1T,BHCO,TRUE,M,1,140,300,Treatment,no,no
39,14-Jun-22,2T,2T,BHCO,TRUE,MF,4,94,345,Treatment,no,no
41,15-Jun-22,7C,7C,BHCO,TRUE,M,1,49,158,Control,no,yes
43,15-Jun-22,6C,6C,BHCO,TRUE,M,1,-999,-999,Control,yes,yes
44,15-Jun-22,6T,6T,BHCO,TRUE,M,1,-999,-999,Treatment,yes,yes
45,15-Jun-22,8T,8T,BHCO,TRUE,M,1,-999,-999,Treatment,no,yes
46,15-Jun-22,8C,8C,BHCO,TRUE,M,1,-999,-999,Control,no,yes
50,8-Jul-22,7T,7T,BHCO,TRUE,M,1,-999,-999,Treatment,yes,yes
50,8-Jul-22,7T,7T,BHCO,TRUE,M,1,-999,-999,Treatment,yes,yes
53,8-Jul-22,8C,8C,BHCO,TRUE,M,2,-999,-999,Control,no,yes
62,11-Jul-22,2T,2T,BHCO,TRUE,M,1,-999,-999,Treatment,no,no
68,11-Jul-22,5T,5T,BHCO,TRUE,MF,6,-999,-999,Treatment,no,yes
70,10-May-23,5C,5T,BHCO,TRUE,U,1,159,123,Treatment,no,yes
71,10-May-23,4T,4T,BHCO,TRUE,M,1,-999,-999,Treatment,no,yes
71,10-May-23,4T,4T,BHCO,TRUE,MF,5,-999,-999,Treatment,no,yes
72,10-May-23,4C,4C,BHCO,TRUE,MF,3,-999,-999,Control,no,yes
73,10-May-23,2T,2T,BHCO,TRUE,U,1,-999,-999,Treatment,no,no
74,10-May-23,2C,2C,BHCO,TRUE,M,1,-999,-999,Control,no,no
75,10-May-23,3T,3T,BHCO,TRUE,M,1,-999,-999,Treatment,no,no
76,10-May-23,1T,1T,BHCO,TRUE,M,1,-999,-999,Treatment,no,no
77,10-May-23,1C,1C,BHCO,TRUE,MF,3,162,11,Control,no,no
77,10-May-23,1C,1C,BHCO,TRUE,F,1,-999,-999,Control,no,no
78,10-May-23,3C,3C,BHCO,TRUE,M,1,-999,-999,Control,no,yes
78,10-May-23,3C,3C,BHCO,TRUE,M,1,-999,-999,Control,no,yes
79,17-May-23,11T,11T,BHCO,TRUE,M,1,-999,-999,Treatment,no,no
82,17-May-23,8C,8C,BHCO,TRUE,U,1,-999,-999,Control,no,yes
84,17-May-23,7T,7T,BHCO,TRUE,MF,3,-999,-999,Treatment,yes,yes
86,17-May-23,6T,6T,BHCO,TRUE,MF,6,-999,-999,Treatment,yes,yes
88,17-May-23,9C,9C,BHCO,TRUE,M,1,-999,-999,Control,no,no
90,17-May-23,10T,10T,BHCO,TRUE,U,1,-999,-999,Treatment,no,no
92,9-Jun-23,8C,8C,BHCO,TRUE,M,1,-999,-999,Control,no,yes
92,9-Jun-23,8C,8C,BHCO,TRUE,M,1,-999,-999,Control,no,yes
94,9-Jun-23,7T,7T,BHCO,TRUE,M,1,-999,-999,Treatment,yes,yes
98,9-Jun-23,6T,6T,BHCO,TRUE,M,1,43,247,Treatment,yes,yes
101,9-Jun-23,11T,11T,BHCO,TRUE,M,1,-999,-999,Treatment,no,no
104,12-Jun-23,5C,5T,BHCO,TRUE,M,1,166,117,Treatment,no,yes
106,12-Jun-23,4C,4C,BHCO,TRUE,MF,4,140,214,Control,no,yes
107,12-Jun-23,2T,2T,BHCO,TRUE,M,1,-999,-999,Treatment,no,no
111,12-Jun-23,1C,1C,BHCO,TRUE,M,1,196,276,Control,no,no
123,11-Jul-23,1C,1C,BHCO,TRUE,M,1,-999,-999,Control,no,no
129,11-Jul-23,4C,4C,BHCO,TRUE,M,1,-999,-999,Control,no,yes
133,10-Jul-23,8T,8T,BHCO,TRUE,U,1,-999,-999,Treatment,no,yes
134,10-Jul-23,8C,8C,BHCO,TRUE,U,1,-999,-999,Control,no,yes
134,10-Jul-23,8C,8C,BHCO,TRUE,M,1,45,321,Control,no,yes
137,10-Jul-23,10T,10T,BHCO,TRUE,M,1,-999,-999,Treatment,no,no
141,10-Jul-23,7C,7C,BHCO,TRUE,M,1,-999,-999,Control,no,yes
13,10-May-22,11C,11C,BLJA,FALSE,U,2,198,142,Control,no,no
23,11-May-22,4T,4T,BRTH,FALSE,M,1,190,300,Treatment,no,yes
26,14-Jun-22,4C,4C,BRTH,FALSE,M,1,190,271,Control,no,yes
84,17-May-23,7T,7T,BUOR,FALSE,MF,2,18,291,Treatment,yes,yes
88,17-May-23,9C,9C,CAGO,FALSE,U,1,-999,-999,Control,no,no
52,8-Jul-22,9C,9C,CLSW,FALSE,U,1,-999,-999,Control,no,no
54,8-Jul-22,8T,8T,CLSW,FALSE,U,1,-999,-999,Treatment,no,yes
64,11-Jul-22,1T,1T,CLSW,FALSE,U,1,-999,-999,Treatment,no,no
139,10-Jul-23,9C,9C,CLSW,FALSE,U,2,-999,-999,Control,no,no
140,10-Jul-23,9T,9T,CLSW,FALSE,U,2,-999,-999,Treatment,yes,no
18,11-May-22,1T,1T,CONI,TRUE,U,1,-999,-999,Treatment,no,no
19,11-May-22,2T,2T,CONI,TRUE,U,1,-999,-999,Treatment,no,no
22,11-May-22,5T,5T,CONI,TRUE,MF,2,-999,-999,Treatment,no,yes
45,15-Jun-22,8T,8T,CONI,TRUE,U,1,-999,-999,Treatment,no,yes
49,8-Jul-22,7C,7C,CONI,TRUE,U,1,-999,-999,Control,no,yes
53,8-Jul-22,8C,8C,CONI,TRUE,MF,2,-999,-999,Control,no,yes
54,8-Jul-22,8T,8T,CONI,TRUE,U,1,-999,-999,Treatment,no,yes
59,11-Jul-22,1C,1C,CONI,TRUE,MF,2,-999,-999,Control,no,no
61,11-Jul-22,2C,2C,CONI,TRUE,U,1,-999,-999,Control,no,no
66,11-Jul-22,4T,4T,CONI,TRUE,U,1,-999,-999,Treatment,no,yes
67,11-Jul-22,5C,5C,CONI,TRUE,MF,2,-999,-999,Control,no,yes
68,11-Jul-22,5T,5T,CONI,TRUE,U,1,-999,-999,Treatment,no,yes
69,10-May-23,5T,5C,CONI,TRUE,U,1,-999,-999,Control,no,yes
70,10-May-23,5C,5T,CONI,TRUE,U,1,-999,-999,Treatment,no,yes
75,10-May-23,3T,3T,CONI,TRUE,U,1,-999,-999,Treatment,no,no
81,17-May-23,8T,8T,CONI,TRUE,U,2,-999,-999,Treatment,no,yes
82,17-May-23,8C,8C,CONI,TRUE,U,1,-999,-999,Control,no,yes
87,17-May-23,9T,9T,CONI,TRUE,U,1,-999,-999,Treatment,yes,no
91,9-Jun-23,8T,8T,CONI,TRUE,U,2,-999,-999,Treatment,no,yes
92,9-Jun-23,8C,8C,CONI,TRUE,U,1,-999,-999,Control,no,yes
97,9-Jun-23,6C,6C,CONI,TRUE,U,1,-999,-999,Control,yes,yes
103,12-Jun-23,5T,5C,CONI,TRUE,U,1,-999,-999,Control,no,yes
104,12-Jun-23,5C,5T,CONI,TRUE,U,1,-999,-999,Treatment,no,yes
124,11-Jul-23,3C,3C,CONI,TRUE,U,1,-999,-999,Control,no,yes
125,11-Jul-23,5C,5T,CONI,TRUE,U,2,-999,-999,Treatment,no,yes
127,11-Jul-23,2T,2T,CONI,TRUE,U,1,-999,-999,Treatment,no,no
128,11-Jul-23,2C,2C,CONI,TRUE,U,2,-999,-999,Control,no,no
129,11-Jul-23,4C,4C,CONI,TRUE,U,1,-999,-999,Control,no,yes
130,11-Jul-23,4T,4T,CONI,TRUE,U,1,-999,-999,Treatment,no,yes
131,11-Jul-23,1T,1T,CONI,TRUE,U,1,-999,-999,Treatment,no,no
132,11-Jul-23,3T,3T,CONI,TRUE,U,2,-999,-999,Treatment,no,no
133,10-Jul-23,8T,8T,CONI,TRUE,U,2,-999,-999,Treatment,no,yes
134,10-Jul-23,8C,8C,CONI,TRUE,U,2,-999,-999,Control,no,yes
139,10-Jul-23,9C,9C,CONI,TRUE,U,4,-999,-999,Control,no,no
140,10-Jul-23,9T,9T,CONI,TRUE,U,1,-999,-999,Treatment,yes,no
140,10-Jul-23,9T,9T,CONI,TRUE,U,1,-999,-999,Treatment,yes,no
141,10-Jul-23,7C,7C,CONI,TRUE,U,1,-999,-999,Control,no,yes
2,7-May-22,6C,6C,DICK,TRUE,M,1,158,132,Control,yes,yes
3,7-May-22,6T,6T,DICK,TRUE,M,1,41,85,Treatment,yes,yes
4,7-May-22,7C,7C,DICK,TRUE,M,1,45,130,Control,no,yes
4,7-May-22,7C,7C,DICK,TRUE,M,1,60,51,Control,no,yes
4,7-May-22,7C,7C,DICK,TRUE,M,1,60,157,Control,no,yes
4,7-May-22,7C,7C,DICK,TRUE,M,1,-999,-999,Control,no,yes
4,7-May-22,7C,7C,DICK,TRUE,M,1,180,211,Control,no,yes
5,7-May-22,7T,7T,DICK,TRUE,M,1,-999,-999,Treatment,yes,yes
7,7-May-22,8T,8T,DICK,TRUE,M,1,113,165,Treatment,no,yes
7,7-May-22,8T,8T,DICK,TRUE,M,1,105,85,Treatment,no,yes
7,7-May-22,8T,8T,DICK,TRUE,M,1,150,80,Treatment,no,yes
8,7-May-22,8C,8C,DICK,TRUE,M,1,44,320,Control,no,yes
9,7-May-22,9T,9T,DICK,TRUE,M,1,119,3,Treatment,yes,no
9,7-May-22,9T,9T,DICK,TRUE,M,1,153,332,Treatment,yes,no
9,7-May-22,9T,9T,DICK,TRUE,M,1,40,139,Treatment,yes,no
10,7-May-22,9C,9C,DICK,TRUE,M,1,165,45,Control,no,no
10,7-May-22,9C,9C,DICK,TRUE,M,1,154,91,Control,no,no
11,7-May-22,10C,10C,DICK,TRUE,M,1,56,110,Control,no,no
11,7-May-22,10C,10C,DICK,TRUE,M,1,173,65,Control,no,no
11,7-May-22,10C,10C,DICK,TRUE,M,1,53,169,Control,no,no
12,7-May-22,10T,10T,DICK,TRUE,M,1,156,193,Treatment,no,no
13,10-May-22,11C,11C,DICK,TRUE,M,1,113,136,Control,no,no
13,10-May-22,11C,11C,DICK,TRUE,M,1,101,81,Control,no,no
14,10-May-22,11T,11T,DICK,TRUE,M,1,50,203,Treatment,no,no
14,10-May-22,11T,11T,DICK,TRUE,M,1,37,283,Treatment,no,no
14,10-May-22,11T,11T,DICK,TRUE,M,1,180,339,Treatment,no,no
14,10-May-22,11T,11T,DICK,TRUE,M,1,150,274,Treatment,no,no
16,11-May-22,1C,1C,DICK,TRUE,M,1,91,348,Control,no,no
16,11-May-22,1C,1C,DICK,TRUE,M,1,87,156,Control,no,no
16,11-May-22,1C,1C,DICK,TRUE,M,1,170,75,Control,no,no
17,11-May-22,3T,3T,DICK,TRUE,M,1,-999,-999,Treatment,no,no
18,11-May-22,1T,1T,DICK,TRUE,M,1,29,18,Treatment,no,no
18,11-May-22,1T,1T,DICK,TRUE,M,1,55,265,Treatment,no,no
18,11-May-22,1T,1T,DICK,TRUE,M,1,90,191,Treatment,no,no
18,11-May-22,1T,1T,DICK,TRUE,U,2,174,288,Treatment,no,no
19,11-May-22,2T,2T,DICK,TRUE,M,1,104,20,Treatment,no,no
19,11-May-22,2T,2T,DICK,TRUE,M,1,54,32,Treatment,no,no
19,11-May-22,2T,2T,DICK,TRUE,M,1,58,139,Treatment,no,no
19,11-May-22,2T,2T,DICK,TRUE,M,1,136,334,Treatment,no,no
20,11-May-22,2C,2C,DICK,TRUE,M,1,41,75,Control,no,no
20,11-May-22,2C,2C,DICK,TRUE,M,1,122,105,Control,no,no
20,11-May-22,2C,2C,DICK,TRUE,M,1,48,181,Control,no,no
20,11-May-22,2C,2C,DICK,TRUE,M,1,93,123,Control,no,no
21,11-May-22,5C,5C,DICK,TRUE,M,1,60,162,Control,no,yes
21,11-May-22,5C,5C,DICK,TRUE,M,1,147,198,Control,no,yes
21,11-May-22,5C,5C,DICK,TRUE,M,1,38,340,Control,no,yes
21,11-May-22,5C,5C,DICK,TRUE,M,1,123,109,Control,no,yes
22,11-May-22,5T,5T,DICK,TRUE,M,1,170,116,Treatment,no,yes
23,11-May-22,4T,4T,DICK,TRUE,M,1,43,315,Treatment,no,yes
23,11-May-22,4T,4T,DICK,TRUE,M,1,101,228,Treatment,no,yes
23,11-May-22,4T,4T,DICK,TRUE,M,1,47,11,Treatment,no,yes
24,11-May-22,4C,4C,DICK,TRUE,M,1,69,236,Control,no,yes
24,11-May-22,4C,4C,DICK,TRUE,M,1,-999,-999,Control,no,yes
24,11-May-22,4C,4C,DICK,TRUE,M,1,108,123,Control,no,yes
25,14-Jun-22,4T,4T,DICK,TRUE,M,1,42,313,Treatment,no,yes
25,14-Jun-22,4T,4T,DICK,TRUE,MF,2,36,149,Treatment,no,yes
25,14-Jun-22,4T,4T,DICK,TRUE,M,1,-999,-999,Treatment,no,yes
25,14-Jun-22,4T,4T,DICK,TRUE,M,1,43,6,Treatment,no,yes
26,14-Jun-22,4C,4C,DICK,TRUE,M,1,39,140,Control,no,yes
26,14-Jun-22,4C,4C,DICK,TRUE,M,1,37,285,Control,no,yes
26,14-Jun-22,4C,4C,DICK,TRUE,M,1,49,182,Control,no,yes
26,14-Jun-22,4C,4C,DICK,TRUE,M,1,132,234,Control,no,yes
27,14-Jun-22,5C,5C,DICK,TRUE,M,1,50,105,Control,no,yes
27,14-Jun-22,5C,5C,DICK,TRUE,M,1,147,43,Control,no,yes
27,14-Jun-22,5C,5C,DICK,TRUE,MF,2,23,181,Control,no,yes
28,14-Jun-22,5T,5T,DICK,TRUE,M,1,93,176,Treatment,no,yes
28,14-Jun-22,5T,5T,DICK,TRUE,M,1,36,90,Treatment,no,yes
28,14-Jun-22,5T,5T,DICK,TRUE,M,1,95,89,Treatment,no,yes
28,14-Jun-22,5T,5T,DICK,TRUE,M,1,139,81,Treatment,no,yes
28,14-Jun-22,5T,5T,DICK,TRUE,M,1,57,301,Treatment,no,yes
28,14-Jun-22,5T,5T,DICK,TRUE,M,1,68,262,Treatment,no,yes
29,15-Jun-22,11C,11C,DICK,TRUE,M,1,35,203,Control,no,no
29,15-Jun-22,11C,11C,DICK,TRUE,M,1,66,334,Control,no,no
29,15-Jun-22,11C,11C,DICK,TRUE,M,1,77,96,Control,no,no
30,15-Jun-22,11T,11T,DICK,TRUE,M,1,140,5,Treatment,no,no
30,15-Jun-22,11T,11T,DICK,TRUE,M,1,36,98,Treatment,no,no
30,15-Jun-22,11T,11T,DICK,TRUE,M,1,25,201,Treatment,no,no
31,15-Jun-22,9C,9C,DICK,TRUE,M,1,45,303,Control,no,no
31,15-Jun-22,9C,9C,DICK,TRUE,M,1,117,129,Control,no,no
31,15-Jun-22,9C,9C,DICK,TRUE,M,1,52,341,Control,no,no
31,15-Jun-22,9C,9C,DICK,TRUE,M,1,162,109,Control,no,no
32,15-Jun-22,9T,9T,DICK,TRUE,M,1,112,280,Treatment,yes,no
32,15-Jun-22,9T,9T,DICK,TRUE,M,1,39,182,Treatment,yes,no
32,15-Jun-22,9T,9T,DICK,TRUE,M,1,46,149,Treatment,yes,no
32,15-Jun-22,9T,9T,DICK,TRUE,M,1,122,10,Treatment,yes,no
33,15-Jun-22,10T,10T,DICK,TRUE,MF,2,64,300,Treatment,no,no
33,15-Jun-22,10T,10T,DICK,TRUE,M,1,147,210,Treatment,no,no
33,15-Jun-22,10T,10T,DICK,TRUE,M,1,46,176,Treatment,no,no
33,15-Jun-22,10T,10T,DICK,TRUE,M,1,54,88,Treatment,no,no
34,15-Jun-22,10C,10C,DICK,TRUE,M,2,37,332,Control,no,no
34,15-Jun-22,10C,10C,DICK,TRUE,M,1,23,174,Control,no,no
34,15-Jun-22,10C,10C,DICK,TRUE,M,1,53,115,Control,no,no
34,15-Jun-22,10C,10C,DICK,TRUE,M,1,64,279,Control,no,no
34,15-Jun-22,10C,10C,DICK,TRUE,M,1,63,57,Control,no,no
35,14-Jun-22,3C,3C,DICK,TRUE,M,1,44,165,Control,no,yes
35,14-Jun-22,3C,3C,DICK,TRUE,M,1,30,255,Control,no,yes
35,14-Jun-22,3C,3C,DICK,TRUE,M,1,112,50,Control,no,yes
35,14-Jun-22,3C,3C,DICK,TRUE,M,1,147,10,Control,no,yes
36,14-Jun-22,1C,1C,DICK,TRUE,MF,2,39,173,Control,no,no
36,14-Jun-22,1C,1C,DICK,TRUE,M,1,105,214,Control,no,no
36,14-Jun-22,1C,1C,DICK,TRUE,MF,3,-999,-999,Control,no,no
36,14-Jun-22,1C,1C,DICK,TRUE,M,1,78,314,Control,no,no
36,14-Jun-22,1C,1C,DICK,TRUE,M,1,40,6,Control,no,no
37,14-Jun-22,1T,1T,DICK,TRUE,M,1,44,129,Treatment,no,no
37,14-Jun-22,1T,1T,DICK,TRUE,M,1,-999,-999,Treatment,no,no
37,14-Jun-22,1T,1T,DICK,TRUE,M,1,56,250,Treatment,no,no
37,14-Jun-22,1T,1T,DICK,TRUE,M,1,30,232,Treatment,no,no
37,14-Jun-22,1T,1T,DICK,TRUE,M,1,57,3,Treatment,no,no
37,14-Jun-22,1T,1T,DICK,TRUE,M,1,128,289,Treatment,no,no
38,14-Jun-22,3T,3T,DICK,TRUE,MF,2,20,52,Treatment,no,no
38,14-Jun-22,3T,3T,DICK,TRUE,M,1,32,260,Treatment,no,no
38,14-Jun-22,3T,3T,DICK,TRUE,M,1,104,198,Treatment,no,no
38,14-Jun-22,3T,3T,DICK,TRUE,M,1,93,162,Treatment,no,no
38,14-Jun-22,3T,3T,DICK,TRUE,M,1,80,43,Treatment,no,no
39,14-Jun-22,2T,2T,DICK,TRUE,M,1,31,90,Treatment,no,no
39,14-Jun-22,2T,2T,DICK,TRUE,M,1,56,112,Treatment,no,no
39,14-Jun-22,2T,2T,DICK,TRUE,M,1,67,162,Treatment,no,no
39,14-Jun-22,2T,2T,DICK,TRUE,M,1,43,252,Treatment,no,no
40,14-Jun-22,2C,2C,DICK,TRUE,M,1,36,202,Control,no,no
40,14-Jun-22,2C,2C,DICK,TRUE,M,1,37,257,Control,no,no
40,14-Jun-22,2C,2C,DICK,TRUE,MF,3,67,83,Control,no,no
40,14-Jun-22,2C,2C,DICK,TRUE,M,1,88,339,Control,no,no
41,15-Jun-22,7C,7C,DICK,TRUE,MF,2,29,266,Control,no,yes
41,15-Jun-22,7C,7C,DICK,TRUE,M,1,61,128,Control,no,yes
42,15-Jun-22,7T,7T,DICK,TRUE,M,1,22,87,Treatment,yes,yes
42,15-Jun-22,7T,7T,DICK,TRUE,M,1,50,123,Treatment,yes,yes
42,15-Jun-22,7T,7T,DICK,TRUE,M,1,28,154,Treatment,yes,yes
42,15-Jun-22,7T,7T,DICK,TRUE,M,1,50,243,Treatment,yes,yes
43,15-Jun-22,6C,6C,DICK,TRUE,M,1,37,203,Control,yes,yes
43,15-Jun-22,6C,6C,DICK,TRUE,M,1,37,319,Control,yes,yes
43,15-Jun-22,6C,6C,DICK,TRUE,M,1,189,336,Control,yes,yes
44,15-Jun-22,6T,6T,DICK,TRUE,M,1,25,125,Treatment,yes,yes
44,15-Jun-22,6T,6T,DICK,TRUE,M,1,47,211,Treatment,yes,yes
44,15-Jun-22,6T,6T,DICK,TRUE,M,1,42,4,Treatment,yes,yes
45,15-Jun-22,8T,8T,DICK,TRUE,M,1,29,196,Treatment,no,yes
45,15-Jun-22,8T,8T,DICK,TRUE,M,1,23,270,Treatment,no,yes
45,15-Jun-22,8T,8T,DICK,TRUE,M,1,95,170,Treatment,no,yes
46,15-Jun-22,8C,8C,DICK,TRUE,M,1,28,200,Control,no,yes
46,15-Jun-22,8C,8C,DICK,TRUE,M,1,38,226,Control,no,yes
46,15-Jun-22,8C,8C,DICK,TRUE,M,1,-999,-999,Control,no,yes
46,15-Jun-22,8C,8C,DICK,TRUE,M,1,45,314,Control,no,yes
46,15-Jun-22,8C,8C,DICK,TRUE,M,1,127,345,Control,no,yes
46,15-Jun-22,8C,8C,DICK,TRUE,M,1,111,82,Control,no,yes
46,15-Jun-22,8C,8C,DICK,TRUE,M,1,52,267,Control,no,yes
46,15-Jun-22,8C,8C,DICK,TRUE,M,1,137,20,Control,no,yes
47,8-Jul-22,6C,6C,DICK,TRUE,M,1,35,46,Control,yes,yes
47,8-Jul-22,6C,6C,DICK,TRUE,M,1,113,291,Control,yes,yes
47,8-Jul-22,6C,6C,DICK,TRUE,M,1,52,270,Control,yes,yes
47,8-Jul-22,6C,6C,DICK,TRUE,M,1,135,270,Control,yes,yes
47,8-Jul-22,6C,6C,DICK,TRUE,M,1,72,113,Control,yes,yes
48,8-Jul-22,6T,6T,DICK,TRUE,M,1,38,84,Treatment,yes,yes
48,8-Jul-22,6T,6T,DICK,TRUE,M,1,68,73,Treatment,yes,yes
48,8-Jul-22,6T,6T,DICK,TRUE,M,1,-999,-999,Treatment,yes,yes
48,8-Jul-22,6T,6T,DICK,TRUE,M,1,85,338,Treatment,yes,yes
48,8-Jul-22,6T,6T,DICK,TRUE,M,1,47,195,Treatment,yes,yes
48,8-Jul-22,6T,6T,DICK,TRUE,M,1,65,280,Treatment,yes,yes
49,8-Jul-22,7C,7C,DICK,TRUE,M,1,34,238,Control,no,yes
49,8-Jul-22,7C,7C,DICK,TRUE,MF,2,21,285,Control,no,yes
49,8-Jul-22,7C,7C,DICK,TRUE,M,1,100,30,Control,no,yes
49,8-Jul-22,7C,7C,DICK,TRUE,M,3,-999,-999,Control,no,yes
50,8-Jul-22,7T,7T,DICK,TRUE,M,1,44,264,Treatment,yes,yes
50,8-Jul-22,7T,7T,DICK,TRUE,M,1,69,345,Treatment,yes,yes
50,8-Jul-22,7T,7T,DICK,TRUE,M,1,72,65,Treatment,yes,yes
50,8-Jul-22,7T,7T,DICK,TRUE,M,1,120,50,Treatment,yes,yes
50,8-Jul-22,7T,7T,DICK,TRUE,M,1,161,115,Treatment,yes,yes
51,8-Jul-22,9T,9T,DICK,TRUE,M,1,45,281,Treatment,yes,no
51,8-Jul-22,9T,9T,DICK,TRUE,M,1,99,342,Treatment,yes,no
51,8-Jul-22,9T,9T,DICK,TRUE,M,1,24,26,Treatment,yes,no
51,8-Jul-22,9T,9T,DICK,TRUE,M,1,53,160,Treatment,yes,no
51,8-Jul-22,9T,9T,DICK,TRUE,M,1,-999,-999,Treatment,yes,no
51,8-Jul-22,9T,9T,DICK,TRUE,M,1,83,232,Treatment,yes,no
52,8-Jul-22,9C,9C,DICK,TRUE,M,1,-999,-999,Control,no,no
52,8-Jul-22,9C,9C,DICK,TRUE,MF,2,27,299,Control,no,no
52,8-Jul-22,9C,9C,DICK,TRUE,M,1,42,127,Control,no,no
52,8-Jul-22,9C,9C,DICK,TRUE,M,1,130,100,Control,no,no
53,8-Jul-22,8C,8C,DICK,TRUE,M,1,48,186,Control,no,yes
53,8-Jul-22,8C,8C,DICK,TRUE,M,1,61,228,Control,no,yes
53,8-Jul-22,8C,8C,DICK,TRUE,M,1,38,322,Control,no,yes
53,8-Jul-22,8C,8C,DICK,TRUE,M,1,101,290,Control,no,yes
53,8-Jul-22,8C,8C,DICK,TRUE,M,1,112,31,Control,no,yes
53,8-Jul-22,8C,8C,DICK,TRUE,M,1,81,357,Control,no,yes
54,8-Jul-22,8T,8T,DICK,TRUE,M,1,31,57,Treatment,no,yes
54,8-Jul-22,8T,8T,DICK,TRUE,M,1,40,15,Treatment,no,yes
54,8-Jul-22,8T,8T,DICK,TRUE,M,1,68,11,Treatment,no,yes
54,8-Jul-22,8T,8T,DICK,TRUE,MF,2,32,289,Treatment,no,yes
54,8-Jul-22,8T,8T,DICK,TRUE,M,1,61,204,Treatment,no,yes
54,8-Jul-22,8T,8T,DICK,TRUE,M,1,80,170,Treatment,no,yes
55,8-Jul-22,11C,11C,DICK,TRUE,M,1,65,197,Control,no,no
55,8-Jul-22,11C,11C,DICK,TRUE,M,1,28,280,Control,no,no
55,8-Jul-22,11C,11C,DICK,TRUE,M,1,118,130,Control,no,no
55,8-Jul-22,11C,11C,DICK,TRUE,M,1,22,99,Control,no,no
56,8-Jul-22,11T,11T,DICK,TRUE,M,1,36,120,Treatment,no,no
56,8-Jul-22,11T,11T,DICK,TRUE,M,1,63,109,Treatment,no,no
56,8-Jul-22,11T,11T,DICK,TRUE,M,1,25,353,Treatment,no,no
56,8-Jul-22,11T,11T,DICK,TRUE,M,1,32,39,Treatment,no,no
56,8-Jul-22,11T,11T,DICK,TRUE,M,1,25,217,Treatment,no,no
56,8-Jul-22,11T,11T,DICK,TRUE,F,1,-999,-999,Treatment,no,no
57,8-Jul-22,10T,10T,DICK,TRUE,M,1,73,313,Treatment,no,no
57,8-Jul-22,10T,10T,DICK,TRUE,M,1,67,109,Treatment,no,no
57,8-Jul-22,10T,10T,DICK,TRUE,M,1,118,24,Treatment,no,no
57,8-Jul-22,10T,10T,DICK,TRUE,M,1,111,311,Treatment,no,no
58,8-Jul-22,10C,10C,DICK,TRUE,M,1,46,340,Control,no,no
58,8-Jul-22,10C,10C,DICK,TRUE,M,1,38,315,Control,no,no
58,8-Jul-22,10C,10C,DICK,TRUE,M,1,41,115,Control,no,no
58,8-Jul-22,10C,10C,DICK,TRUE,M,1,121,46,Control,no,no
58,8-Jul-22,10C,10C,DICK,TRUE,M,1,91,57,Control,no,no
59,11-Jul-22,1C,1C,DICK,TRUE,MF,2,48,3,Control,no,no
59,11-Jul-22,1C,1C,DICK,TRUE,M,1,89,307,Control,no,no
59,11-Jul-22,1C,1C,DICK,TRUE,M,1,69,288,Control,no,no
59,11-Jul-22,1C,1C,DICK,TRUE,M,1,34,61,Control,no,no
59,11-Jul-22,1C,1C,DICK,TRUE,M,1,94,25,Control,no,no
59,11-Jul-22,1C,1C,DICK,TRUE,M,1,74,160,Control,no,no
60,11-Jul-22,3C,3C,DICK,TRUE,M,1,54,245,Control,no,yes
60,11-Jul-22,3C,3C,DICK,TRUE,MF,2,23,286,Control,no,yes
60,11-Jul-22,3C,3C,DICK,TRUE,MF,2,44,19,Control,no,yes
60,11-Jul-22,3C,3C,DICK,TRUE,MF,2,66,161,Control,no,yes
61,11-Jul-22,2C,2C,DICK,TRUE,M,1,61,295,Control,no,no
61,11-Jul-22,2C,2C,DICK,TRUE,M,1,82,24,Control,no,no
61,11-Jul-22,2C,2C,DICK,TRUE,MF,2,40,80,Control,no,no
61,11-Jul-22,2C,2C,DICK,TRUE,MF,1,65,146,Control,no,no
61,11-Jul-22,2C,2C,DICK,TRUE,M,1,48,197,Control,no,no
62,11-Jul-22,2T,2T,DICK,TRUE,M,1,69,317,Treatment,no,no
62,11-Jul-22,2T,2T,DICK,TRUE,M,1,66,33,Treatment,no,no
62,11-Jul-22,2T,2T,DICK,TRUE,M,1,91,289,Treatment,no,no
62,11-Jul-22,2T,2T,DICK,TRUE,M,1,79,341,Treatment,no,no
63,11-Jul-22,3T,3T,DICK,TRUE,MF,2,13,52,Treatment,no,no
63,11-Jul-22,3T,3T,DICK,TRUE,F,1,36,141,Treatment,no,no
63,11-Jul-22,3T,3T,DICK,TRUE,M,1,67,175,Treatment,no,no
63,11-Jul-22,3T,3T,DICK,TRUE,M,1,169,186,Treatment,no,no
63,11-Jul-22,3T,3T,DICK,TRUE,M,1,41,311,Treatment,no,no
63,11-Jul-22,3T,3T,DICK,TRUE,M,1,51,10,Treatment,no,no
64,11-Jul-22,1T,1T,DICK,TRUE,MF,2,19,27,Treatment,no,no
64,11-Jul-22,1T,1T,DICK,TRUE,M,1,31,288,Treatment,no,no
64,11-Jul-22,1T,1T,DICK,TRUE,M,1,37,130,Treatment,no,no
64,11-Jul-22,1T,1T,DICK,TRUE,M,1,172,261,Treatment,no,no
64,11-Jul-22,1T,1T,DICK,TRUE,M,1,46,309,Treatment,no,no
64,11-Jul-22,1T,1T,DICK,TRUE,M,1,133,239,Treatment,no,no
65,11-Jul-22,4C,4C,DICK,TRUE,M,1,43,138,Control,no,yes
65,11-Jul-22,4C,4C,DICK,TRUE,MF,3,41,213,Control,no,yes
65,11-Jul-22,4C,4C,DICK,TRUE,M,1,43,168,Control,no,yes
65,11-Jul-22,4C,4C,DICK,TRUE,M,1,46,122,Control,no,yes
65,11-Jul-22,4C,4C,DICK,TRUE,M,1,55,98,Control,no,yes
65,11-Jul-22,4C,4C,DICK,TRUE,M,1,37,80,Control,no,yes
65,11-Jul-22,4C,4C,DICK,TRUE,M,1,120,90,Control,no,yes
66,11-Jul-22,4T,4T,DICK,TRUE,M,1,58,34,Treatment,no,yes
66,11-Jul-22,4T,4T,DICK,TRUE,M,1,50,5,Treatment,no,yes
66,11-Jul-22,4T,4T,DICK,TRUE,M,1,32,139,Treatment,no,yes
66,11-Jul-22,4T,4T,DICK,TRUE,F,1,16,195,Treatment,no,yes
66,11-Jul-22,4T,4T,DICK,TRUE,M,1,47,272,Treatment,no,yes
66,11-Jul-22,4T,4T,DICK,TRUE,MF,2,66,69,Treatment,no,yes
67,11-Jul-22,5C,5C,DICK,TRUE,M,1,28,214,Control,no,yes
67,11-Jul-22,5C,5C,DICK,TRUE,M,1,-999,-999,Control,no,yes
68,11-Jul-22,5T,5T,DICK,TRUE,M,1,54,219,Treatment,no,yes
68,11-Jul-22,5T,5T,DICK,TRUE,M,1,74,206,Treatment,no,yes
68,11-Jul-22,5T,5T,DICK,TRUE,M,1,144,140,Treatment,no,yes
68,11-Jul-22,5T,5T,DICK,TRUE,M,1,62,328,Treatment,no,yes
68,11-Jul-22,5T,5T,DICK,TRUE,M,1,137,37,Treatment,no,yes
68,11-Jul-22,5T,5T,DICK,TRUE,M,1,78,221,Treatment,no,yes
69,10-May-23,5T,5C,DICK,TRUE,M,1,180,162,Control,no,yes
69,10-May-23,5T,5C,DICK,TRUE,M,1,191,159,Control,no,yes
71,10-May-23,4T,4T,DICK,TRUE,M,1,38,312,Treatment,no,yes
71,10-May-23,4T,4T,DICK,TRUE,M,1,76,40,Treatment,no,yes
72,10-May-23,4C,4C,DICK,TRUE,M,1,92,221,Control,no,yes
72,10-May-23,4C,4C,DICK,TRUE,M,1,91,71,Control,no,yes
73,10-May-23,2T,2T,DICK,TRUE,M,1,49,180,Treatment,no,no
73,10-May-23,2T,2T,DICK,TRUE,M,1,48,300,Treatment,no,no
73,10-May-23,2T,2T,DICK,TRUE,M,1,82,5,Treatment,no,no
74,10-May-23,2C,2C,DICK,TRUE,M,1,30,67,Control,no,no
74,10-May-23,2C,2C,DICK,TRUE,M,1,134,108,Control,no,no
74,10-May-23,2C,2C,DICK,TRUE,M,1,51,220,Control,no,no
74,10-May-23,2C,2C,DICK,TRUE,M,1,43,174,Control,no,no
74,10-May-23,2C,2C,DICK,TRUE,M,1,37,302,Control,no,no
75,10-May-23,3T,3T,DICK,TRUE,M,1,64,147,Treatment,no,no
75,10-May-23,3T,3T,DICK,TRUE,M,1,133,91,Treatment,no,no
75,10-May-23,3T,3T,DICK,TRUE,M,1,113,182,Treatment,no,no
75,10-May-23,3T,3T,DICK,TRUE,M,1,-999,-999,Treatment,no,no
76,10-May-23,1T,1T,DICK,TRUE,M,1,20,10,Treatment,no,no
76,10-May-23,1T,1T,DICK,TRUE,M,1,140,205,Treatment,no,no
77,10-May-23,1C,1C,DICK,TRUE,M,1,37,15,Control,no,no
77,10-May-23,1C,1C,DICK,TRUE,M,1,64,121,Control,no,no
79,17-May-23,11T,11T,DICK,TRUE,M,1,166,341,Treatment,no,no
79,17-May-23,11T,11T,DICK,TRUE,M,1,79,0,Treatment,no,no
79,17-May-23,11T,11T,DICK,TRUE,M,1,130,173,Treatment,no,no
80,17-May-23,11C,11C,DICK,TRUE,M,1,37,20,Control,no,no
80,17-May-23,11C,11C,DICK,TRUE,M,1,153,89,Control,no,no
81,17-May-23,8T,8T,DICK,TRUE,M,1,290,26,Treatment,no,yes
81,17-May-23,8T,8T,DICK,TRUE,M,1,300,112,Treatment,no,yes
81,17-May-23,8T,8T,DICK,TRUE,M,1,172,72,Treatment,no,yes
81,17-May-23,8T,8T,DICK,TRUE,M,1,144,37,Treatment,no,yes
81,17-May-23,8T,8T,DICK,TRUE,M,1,55,62,Treatment,no,yes
82,17-May-23,8C,8C,DICK,TRUE,M,1,34,32,Control,no,yes
82,17-May-23,8C,8C,DICK,TRUE,M,1,325,51,Control,no,yes
82,17-May-23,8C,8C,DICK,TRUE,M,1,96,298,Control,no,yes
82,17-May-23,8C,8C,DICK,TRUE,M,1,55,156,Control,no,yes
82,17-May-23,8C,8C,DICK,TRUE,M,1,91,353,Control,no,yes
83,17-May-23,7C,7C,DICK,TRUE,M,1,52,178,Control,no,yes
83,17-May-23,7C,7C,DICK,TRUE,M,1,37,327,Control,no,yes
84,17-May-23,7T,7T,DICK,TRUE,M,1,34,256,Treatment,yes,yes
84,17-May-23,7T,7T,DICK,TRUE,M,1,40,121,Treatment,yes,yes
85,17-May-23,6C,6C,DICK,TRUE,M,1,58,193,Control,yes,yes
85,17-May-23,6C,6C,DICK,TRUE,M,1,55,267,Control,yes,yes
85,17-May-23,6C,6C,DICK,TRUE,M,1,112,219,Control,yes,yes
85,17-May-23,6C,6C,DICK,TRUE,M,1,49,175,Control,yes,yes
86,17-May-23,6T,6T,DICK,TRUE,M,1,48,230,Treatment,yes,yes
86,17-May-23,6T,6T,DICK,TRUE,M,1,37,292,Treatment,yes,yes
86,17-May-23,6T,6T,DICK,TRUE,M,1,57,94,Treatment,yes,yes
86,17-May-23,6T,6T,DICK,TRUE,M,1,144,70,Treatment,yes,yes
87,17-May-23,9T,9T,DICK,TRUE,M,1,48,49,Treatment,yes,no
87,17-May-23,9T,9T,DICK,TRUE,M,1,25,213,Treatment,yes,no
87,17-May-23,9T,9T,DICK,TRUE,M,1,116,353,Treatment,yes,no
88,17-May-23,9C,9C,DICK,TRUE,M,1,51,309,Control,no,no
88,17-May-23,9C,9C,DICK,TRUE,M,1,61,240,Control,no,no
88,17-May-23,9C,9C,DICK,TRUE,M,1,60,211,Control,no,no
89,17-May-23,10C,10C,DICK,TRUE,M,1,14,195,Control,no,no
89,17-May-23,10C,10C,DICK,TRUE,M,1,97,343,Control,no,no
89,17-May-23,10C,10C,DICK,TRUE,M,1,84,284,Control,no,no
89,17-May-23,10C,10C,DICK,TRUE,M,1,89,47,Control,no,no
89,17-May-23,10C,10C,DICK,TRUE,M,1,27,315,Control,no,no
89,17-May-23,10C,10C,DICK,TRUE,M,1,41,239,Control,no,no
90,17-May-23,10T,10T,DICK,TRUE,M,1,58,304,Treatment,no,no
90,17-May-23,10T,10T,DICK,TRUE,M,1,91,317,Treatment,no,no
90,17-May-23,10T,10T,DICK,TRUE,M,1,75,21,Treatment,no,no
91,9-Jun-23,8T,8T,DICK,TRUE,M,1,17,91,Treatment,no,yes
91,9-Jun-23,8T,8T,DICK,TRUE,M,1,37,41,Treatment,no,yes
91,9-Jun-23,8T,8T,DICK,TRUE,M,1,59,188,Treatment,no,yes
91,9-Jun-23,8T,8T,DICK,TRUE,M,1,37,232,Treatment,no,yes
91,9-Jun-23,8T,8T,DICK,TRUE,M,1,49,350,Treatment,no,yes
91,9-Jun-23,8T,8T,DICK,TRUE,M,1,26,338,Treatment,no,yes
91,9-Jun-23,8T,8T,DICK,TRUE,M,1,124,346,Treatment,no,yes
92,9-Jun-23,8C,8C,DICK,TRUE,M,1,39,188,Control,no,yes
92,9-Jun-23,8C,8C,DICK,TRUE,M,1,49,165,Control,no,yes
92,9-Jun-23,8C,8C,DICK,TRUE,M,1,96,106,Control,no,yes
92,9-Jun-23,8C,8C,DICK,TRUE,M,1,68,66,Control,no,yes
92,9-Jun-23,8C,8C,DICK,TRUE,M,1,71,20,Control,no,yes
93,9-Jun-23,7C,7C,DICK,TRUE,M,1,38,210,Control,no,yes
93,9-Jun-23,7C,7C,DICK,TRUE,M,1,52,214,Control,no,yes
93,9-Jun-23,7C,7C,DICK,TRUE,M,1,55,58,Control,no,yes
93,9-Jun-23,7C,7C,DICK,TRUE,F,1,34,77,Control,no,yes
94,9-Jun-23,7T,7T,DICK,TRUE,M,1,35,162,Treatment,yes,yes
94,9-Jun-23,7T,7T,DICK,TRUE,M,1,37,64,Treatment,yes,yes
94,9-Jun-23,7T,7T,DICK,TRUE,M,1,50,111,Treatment,yes,yes
94,9-Jun-23,7T,7T,DICK,TRUE,M,1,88,33,Treatment,yes,yes
94,9-Jun-23,7T,7T,DICK,TRUE,M,1,50,225,Treatment,yes,yes
94,9-Jun-23,7T,7T,DICK,TRUE,M,1,38,346,Treatment,yes,yes
94,9-Jun-23,7T,7T,DICK,TRUE,M,1,40,26,Treatment,yes,yes
95,9-Jun-23,9T,9T,DICK,TRUE,M,1,24,236,Treatment,yes,no
95,9-Jun-23,9T,9T,DICK,TRUE,M,1,48,15,Treatment,yes,no
95,9-Jun-23,9T,9T,DICK,TRUE,M,1,36,114,Treatment,yes,no
95,9-Jun-23,9T,9T,DICK,TRUE,U,2,-999,-999,Treatment,yes,no
95,9-Jun-23,9T,9T,DICK,TRUE,M,1,120,8,Treatment,yes,no
95,9-Jun-23,9T,9T,DICK,TRUE,M,1,123,45,Treatment,yes,no
95,9-Jun-23,9T,9T,DICK,TRUE,F,1,12,61,Treatment,yes,no
96,9-Jun-23,9C,9C,DICK,TRUE,M,1,132,105,Control,no,no
96,9-Jun-23,9C,9C,DICK,TRUE,M,1,59,186,Control,no,no
96,9-Jun-23,9C,9C,DICK,TRUE,M,1,52,134,Control,no,no
96,9-Jun-23,9C,9C,DICK,TRUE,M,1,93,359,Control,no,no
97,9-Jun-23,6C,6C,DICK,TRUE,M,1,111,343,Control,yes,yes
97,9-Jun-23,6C,6C,DICK,TRUE,M,1,58,214,Control,yes,yes
97,9-Jun-23,6C,6C,DICK,TRUE,M,1,35,90,Control,yes,yes
97,9-Jun-23,6C,6C,DICK,TRUE,M,1,50,318,Control,yes,yes
98,9-Jun-23,6T,6T,DICK,TRUE,M,1,30,72,Treatment,yes,yes
98,9-Jun-23,6T,6T,DICK,TRUE,M,1,111,63,Treatment,yes,yes
98,9-Jun-23,6T,6T,DICK,TRUE,M,1,56,132,Treatment,yes,yes
99,9-Jun-23,10C,10C,DICK,TRUE,M,1,44,176,Control,no,no
99,9-Jun-23,10C,10C,DICK,TRUE,M,1,49,142,Control,no,no
99,9-Jun-23,10C,10C,DICK,TRUE,M,1,41,348,Control,no,no
99,9-Jun-23,10C,10C,DICK,TRUE,M,1,66,83,Control,no,no
99,9-Jun-23,10C,10C,DICK,TRUE,M,1,69,32,Control,no,no
100,9-Jun-23,10T,10T,DICK,TRUE,M,1,41,136,Treatment,no,no
100,9-Jun-23,10T,10T,DICK,TRUE,M,1,69,93,Treatment,no,no
100,9-Jun-23,10T,10T,DICK,TRUE,M,1,48,242,Treatment,no,no
100,9-Jun-23,10T,10T,DICK,TRUE,M,1,98,75,Treatment,no,no
101,9-Jun-23,11T,11T,DICK,TRUE,M,1,57,215,Treatment,no,no
101,9-Jun-23,11T,11T,DICK,TRUE,M,1,69,119,Treatment,no,no
101,9-Jun-23,11T,11T,DICK,TRUE,M,1,152,160,Treatment,no,no
101,9-Jun-23,11T,11T,DICK,TRUE,M,1,158,172,Treatment,no,no
101,9-Jun-23,11T,11T,DICK,TRUE,M,1,130,30,Treatment,no,no
102,9-Jun-23,11C,11C,DICK,TRUE,M,1,47,195,Control,no,no
102,9-Jun-23,11C,11C,DICK,TRUE,M,1,132,178,Control,no,no
102,9-Jun-23,11C,11C,DICK,TRUE,M,1,68,84,Control,no,no
102,9-Jun-23,11C,11C,DICK,TRUE,M,1,93,109,Control,no,no
102,9-Jun-23,11C,11C,DICK,TRUE,MF,3,29,227,Control,no,no
102,9-Jun-23,11C,11C,DICK,TRUE,M,1,68,237,Control,no,no
103,12-Jun-23,5T,5C,DICK,TRUE,M,1,119,143,Control,no,yes
103,12-Jun-23,5T,5C,DICK,TRUE,M,1,57,115,Control,no,yes
103,12-Jun-23,5T,5C,DICK,TRUE,M,1,133,205,Control,no,yes
103,12-Jun-23,5T,5C,DICK,TRUE,M,1,137,163,Control,no,yes
104,12-Jun-23,5C,5T,DICK,TRUE,M,1,25,88,Treatment,no,yes
104,12-Jun-23,5C,5T,DICK,TRUE,M,1,112,100,Treatment,no,yes
104,12-Jun-23,5C,5T,DICK,TRUE,M,1,47,283,Treatment,no,yes
104,12-Jun-23,5C,5T,DICK,TRUE,M,1,62,212,Treatment,no,yes
104,12-Jun-23,5C,5T,DICK,TRUE,M,1,91,170,Treatment,no,yes
105,12-Jun-23,4T,4T,DICK,TRUE,M,1,48,101,Treatment,no,yes
105,12-Jun-23,4T,4T,DICK,TRUE,M,1,58,235,Treatment,no,yes
105,12-Jun-23,4T,4T,DICK,TRUE,M,1,70,349,Treatment,no,yes
105,12-Jun-23,4T,4T,DICK,TRUE,M,1,80,315,Treatment,no,yes
105,12-Jun-23,4T,4T,DICK,TRUE,F,1,27,49,Treatment,no,yes
106,12-Jun-23,4C,4C,DICK,TRUE,M,1,15,337,Control,no,yes
106,12-Jun-23,4C,4C,DICK,TRUE,M,1,19,153,Control,no,yes
106,12-Jun-23,4C,4C,DICK,TRUE,M,1,114,99,Control,no,yes
106,12-Jun-23,4C,4C,DICK,TRUE,M,1,138,102,Control,no,yes
106,12-Jun-23,4C,4C,DICK,TRUE,M,1,48,256,Control,no,yes
106,12-Jun-23,4C,4C,DICK,TRUE,M,1,155,223,Control,no,yes
107,12-Jun-23,2T,2T,DICK,TRUE,M,1,20,266,Treatment,no,no
107,12-Jun-23,2T,2T,DICK,TRUE,M,1,60,336,Treatment,no,no
107,12-Jun-23,2T,2T,DICK,TRUE,M,1,107,351,Treatment,no,no
107,12-Jun-23,2T,2T,DICK,TRUE,M,1,50,116,Treatment,no,no
107,12-Jun-23,2T,2T,DICK,TRUE,M,1,91,313,Treatment,no,no
107,12-Jun-23,2T,2T,DICK,TRUE,M,1,94,23,Treatment,no,no
107,12-Jun-23,2T,2T,DICK,TRUE,M,1,50,304,Treatment,no,no
108,12-Jun-23,2C,2C,DICK,TRUE,M,1,65,357,Control,no,no
108,12-Jun-23,2C,2C,DICK,TRUE,M,1,76,46,Control,no,no
108,12-Jun-23,2C,2C,DICK,TRUE,M,1,79,104,Control,no,no
108,12-Jun-23,2C,2C,DICK,TRUE,M,1,41,279,Control,no,no
109,12-Jun-23,3T,3T,DICK,TRUE,M,1,30,328,Treatment,no,no
109,12-Jun-23,3T,3T,DICK,TRUE,M,1,61,142,Treatment,no,no
109,12-Jun-23,3T,3T,DICK,TRUE,M,1,94,105,Treatment,no,no
109,12-Jun-23,3T,3T,DICK,TRUE,M,1,123,152,Treatment,no,no
110,12-Jun-23,1T,1T,DICK,TRUE,M,1,42,138,Treatment,no,no
110,12-Jun-23,1T,1T,DICK,TRUE,M,1,112,269,Treatment,no,no
110,12-Jun-23,1T,1T,DICK,TRUE,M,1,77,313,Treatment,no,no
110,12-Jun-23,1T,1T,DICK,TRUE,M,1,30,29,Treatment,no,no
110,12-Jun-23,1T,1T,DICK,TRUE,M,1,68,291,Treatment,no,no
111,12-Jun-23,1C,1C,DICK,TRUE,M,1,3,54,Control,no,no
111,12-Jun-23,1C,1C,DICK,TRUE,M,1,30,330,Control,no,no
111,12-Jun-23,1C,1C,DICK,TRUE,M,1,196,276,Control,no,no
111,12-Jun-23,1C,1C,DICK,TRUE,M,1,-999,-999,Control,no,no
111,12-Jun-23,1C,1C,DICK,TRUE,M,1,59,173,Control,no,no
112,12-Jun-23,3C,3C,DICK,TRUE,MF,2,93,346,Control,no,yes
112,12-Jun-23,3C,3C,DICK,TRUE,M,1,54,30,Control,no,yes
112,12-Jun-23,3C,3C,DICK,TRUE,MF,2,63,172,Control,no,yes
112,12-Jun-23,3C,3C,DICK,TRUE,M,1,110,58,Control,no,yes
112,12-Jun-23,3C,3C,DICK,TRUE,M,1,43,228,Control,no,yes
123,11-Jul-23,1C,1C,DICK,TRUE,M,1,33,74,Control,no,no
123,11-Jul-23,1C,1C,DICK,TRUE,M,1,91,173,Control,no,no
123,11-Jul-23,1C,1C,DICK,TRUE,M,1,32,275,Control,no,no
123,11-Jul-23,1C,1C,DICK,TRUE,M,1,108,300,Control,no,no
123,11-Jul-23,1C,1C,DICK,TRUE,M,1,155,9,Control,no,no
123,11-Jul-23,1C,1C,DICK,TRUE,M,1,101,342,Control,no,no
123,11-Jul-23,1C,1C,DICK,TRUE,M,1,43,126,Control,no,no
123,11-Jul-23,1C,1C,DICK,TRUE,M,1,65,71,Control,no,no
123,11-Jul-23,1C,1C,DICK,TRUE,M,1,110,78,Control,no,no
124,11-Jul-23,3C,3C,DICK,TRUE,MF,2,30,106,Control,no,yes
124,11-Jul-23,3C,3C,DICK,TRUE,M,1,28,320,Control,no,yes
124,11-Jul-23,3C,3C,DICK,TRUE,M,1,85,57,Control,no,yes
124,11-Jul-23,3C,3C,DICK,TRUE,M,1,98,344,Control,no,yes
124,11-Jul-23,3C,3C,DICK,TRUE,M,1,150,244,Control,no,yes
125,11-Jul-23,5C,5T,DICK,TRUE,M,1,30,218,Treatment,no,yes
125,11-Jul-23,5C,5T,DICK,TRUE,M,1,172,128,Treatment,no,yes
125,11-Jul-23,5C,5T,DICK,TRUE,M,1,73,143,Treatment,no,yes
125,11-Jul-23,5C,5T,DICK,TRUE,M,1,72,86,Treatment,no,yes
125,11-Jul-23,5C,5T,DICK,TRUE,M,1,60,337,Treatment,no,yes
125,11-Jul-23,5C,5T,DICK,TRUE,M,1,99,182,Treatment,no,yes
126,11-Jul-23,5T,5C,DICK,TRUE,M,1,127,136,Control,no,yes
126,11-Jul-23,5T,5C,DICK,TRUE,M,1,40,223,Control,no,yes
126,11-Jul-23,5T,5C,DICK,TRUE,M,1,144,219,Control,no,yes
126,11-Jul-23,5T,5C,DICK,TRUE,M,1,91,113,Control,no,yes
126,11-Jul-23,5T,5C,DICK,TRUE,M,1,81,103,Control,no,yes
126,11-Jul-23,5T,5C,DICK,TRUE,M,1,111,196,Control,no,yes
126,11-Jul-23,5T,5C,DICK,TRUE,M,1,91,87,Control,no,yes
127,11-Jul-23,2T,2T,DICK,TRUE,MF,2,18,217,Treatment,no,no
127,11-Jul-23,2T,2T,DICK,TRUE,M,1,90,320,Treatment,no,no
127,11-Jul-23,2T,2T,DICK,TRUE,M,1,94,289,Treatment,no,no
127,11-Jul-23,2T,2T,DICK,TRUE,M,1,120,278,Treatment,no,no
128,11-Jul-23,2C,2C,DICK,TRUE,M,1,40,23,Control,no,no
128,11-Jul-23,2C,2C,DICK,TRUE,MF,2,74,94,Control,no,no
128,11-Jul-23,2C,2C,DICK,TRUE,M,2,48,231,Control,no,no
128,11-Jul-23,2C,2C,DICK,TRUE,M,1,112,216,Control,no,no
128,11-Jul-23,2C,2C,DICK,TRUE,M,1,90,322,Control,no,no
128,11-Jul-23,2C,2C,DICK,TRUE,M,1,94,120,Control,no,no
128,11-Jul-23,2C,2C,DICK,TRUE,M,1,198,160,Control,no,no
129,11-Jul-23,4C,4C,DICK,TRUE,M,1,40,158,Control,no,yes
129,11-Jul-23,4C,4C,DICK,TRUE,M,1,40,280,Control,no,yes
129,11-Jul-23,4C,4C,DICK,TRUE,M,1,54,207,Control,no,yes
129,11-Jul-23,4C,4C,DICK,TRUE,MF,2,35,186,Control,no,yes
130,11-Jul-23,4T,4T,DICK,TRUE,MF,2,36,46,Treatment,no,yes
130,11-Jul-23,4T,4T,DICK,TRUE,M,1,37,207,Treatment,no,yes
130,11-Jul-23,4T,4T,DICK,TRUE,M,1,109,284,Treatment,no,yes
130,11-Jul-23,4T,4T,DICK,TRUE,M,1,68,225,Treatment,no,yes
131,11-Jul-23,1T,1T,DICK,TRUE,M,1,16,282,Treatment,no,no
131,11-Jul-23,1T,1T,DICK,TRUE,M,1,29,115,Treatment,no,no
131,11-Jul-23,1T,1T,DICK,TRUE,M,1,37,318,Treatment,no,no
131,11-Jul-23,1T,1T,DICK,TRUE,M,1,34,4,Treatment,no,no
131,11-Jul-23,1T,1T,DICK,TRUE,M,1,56,213,Treatment,no,no
131,11-Jul-23,1T,1T,DICK,TRUE,M,1,96,299,Treatment,no,no
131,11-Jul-23,1T,1T,DICK,TRUE,M,1,130,241,Treatment,no,no
132,11-Jul-23,3T,3T,DICK,TRUE,M,1,37,177,Treatment,no,no
132,11-Jul-23,3T,3T,DICK,TRUE,M,1,41,221,Treatment,no,no
132,11-Jul-23,3T,3T,DICK,TRUE,M,1,74,147,Treatment,no,no
132,11-Jul-23,3T,3T,DICK,TRUE,M,1,111,131,Treatment,no,no
132,11-Jul-23,3T,3T,DICK,TRUE,M,1,69,102,Treatment,no,no
132,11-Jul-23,3T,3T,DICK,TRUE,M,1,46,33,Treatment,no,no
132,11-Jul-23,3T,3T,DICK,TRUE,M,1,36,292,Treatment,no,no
133,10-Jul-23,8T,8T,DICK,TRUE,M,1,36,90,Treatment,no,yes
133,10-Jul-23,8T,8T,DICK,TRUE,M,1,63,211,Treatment,no,yes
133,10-Jul-23,8T,8T,DICK,TRUE,M,1,102,191,Treatment,no,yes
133,10-Jul-23,8T,8T,DICK,TRUE,M,1,121,236,Treatment,no,yes
134,10-Jul-23,8C,8C,DICK,TRUE,M,1,25,329,Control,no,yes
134,10-Jul-23,8C,8C,DICK,TRUE,M,1,69,278,Control,no,yes
134,10-Jul-23,8C,8C,DICK,TRUE,M,1,65,150,Control,no,yes
134,10-Jul-23,8C,8C,DICK,TRUE,M,1,78,178,Control,no,yes
135,10-Jul-23,11C,11C,DICK,TRUE,M,1,49,200,Control,no,no
135,10-Jul-23,11C,11C,DICK,TRUE,M,1,23,106,Control,no,no
135,10-Jul-23,11C,11C,DICK,TRUE,M,1,45,25,Control,no,no
135,10-Jul-23,11C,11C,DICK,TRUE,M,1,101,129,Control,no,no
135,10-Jul-23,11C,11C,DICK,TRUE,M,1,48,57,Control,no,no
136,10-Jul-23,11T,11T,DICK,TRUE,M,1,28,31,Treatment,no,no
136,10-Jul-23,11T,11T,DICK,TRUE,M,1,59,264,Treatment,no,no
136,10-Jul-23,11T,11T,DICK,TRUE,M,1,84,127,Treatment,no,no
136,10-Jul-23,11T,11T,DICK,TRUE,M,1,49,75,Treatment,no,no
136,10-Jul-23,11T,11T,DICK,TRUE,M,1,32,30,Treatment,no,no
136,10-Jul-23,11T,11T,DICK,TRUE,M,1,54,307,Treatment,no,no
136,10-Jul-23,11T,11T,DICK,TRUE,MF,2,14,93,Treatment,no,no
136,10-Jul-23,11T,11T,DICK,TRUE,U,2,-999,-999,Treatment,no,no
137,10-Jul-23,10T,10T,DICK,TRUE,M,1,91,316,Treatment,no,no
137,10-Jul-23,10T,10T,DICK,TRUE,M,1,48,241,Treatment,no,no
137,10-Jul-23,10T,10T,DICK,TRUE,M,1,74,92,Treatment,no,no
137,10-Jul-23,10T,10T,DICK,TRUE,M,1,26,90,Treatment,no,no
137,10-Jul-23,10T,10T,DICK,TRUE,MF,2,36,273,Treatment,no,no
137,10-Jul-23,10T,10T,DICK,TRUE,M,1,48,48,Treatment,no,no
138,10-Jul-23,10C,10C,DICK,TRUE,M,1,47,158,Control,no,no
138,10-Jul-23,10C,10C,DICK,TRUE,F,1,31,194,Control,no,no
138,10-Jul-23,10C,10C,DICK,TRUE,M,1,33,269,Control,no,no
138,10-Jul-23,10C,10C,DICK,TRUE,M,1,46,357,Control,no,no
138,10-Jul-23,10C,10C,DICK,TRUE,M,1,31,79,Control,no,no
138,10-Jul-23,10C,10C,DICK,TRUE,M,1,73,80,Control,no,no
138,10-Jul-23,10C,10C,DICK,TRUE,M,1,166,309,Control,no,no
138,10-Jul-23,10C,10C,DICK,TRUE,MF,2,53,248,Control,no,no
139,10-Jul-23,9C,9C,DICK,TRUE,MF,2,70,175,Control,no,no
139,10-Jul-23,9C,9C,DICK,TRUE,M,1,27,127,Control,no,no
139,10-Jul-23,9C,9C,DICK,TRUE,M,1,124,25,Control,no,no
139,10-Jul-23,9C,9C,DICK,TRUE,M,1,55,319,Control,no,no
140,10-Jul-23,9T,9T,DICK,TRUE,M,1,116,6,Treatment,yes,no
140,10-Jul-23,9T,9T,DICK,TRUE,MF,2,25,111,Treatment,yes,no
140,10-Jul-23,9T,9T,DICK,TRUE,M,1,55,231,Treatment,yes,no
141,10-Jul-23,7C,7C,DICK,TRUE,F,1,24,147,Control,no,yes
141,10-Jul-23,7C,7C,DICK,TRUE,M,1,37,173,Control,no,yes
141,10-Jul-23,7C,7C,DICK,TRUE,M,1,85,50,Control,no,yes
141,10-Jul-23,7C,7C,DICK,TRUE,M,1,75,3,Control,no,yes
141,10-Jul-23,7C,7C,DICK,TRUE,M,1,55,265,Control,no,yes
142,10-Jul-23,7T,7T,DICK,TRUE,M,1,46,252,Treatment,yes,yes
142,10-Jul-23,7T,7T,DICK,TRUE,M,1,49,122,Treatment,yes,yes
142,10-Jul-23,7T,7T,DICK,TRUE,M,1,76,190,Treatment,yes,yes
142,10-Jul-23,7T,7T,DICK,TRUE,M,1,28,259,Treatment,yes,yes
142,10-Jul-23,7T,7T,DICK,TRUE,M,1,-999,-999,Treatment,yes,yes
142,10-Jul-23,7T,7T,DICK,TRUE,M,1,48,27,Treatment,yes,yes
143,10-Jul-23,6C,6C,DICK,TRUE,MF,2,25,150,Control,yes,yes
143,10-Jul-23,6C,6C,DICK,TRUE,M,1,37,233,Control,yes,yes
143,10-Jul-23,6C,6C,DICK,TRUE,M,1,66,127,Control,yes,yes
143,10-Jul-23,6C,6C,DICK,TRUE,M,1,108,191,Control,yes,yes
144,10-Jul-23,6T,6T,DICK,TRUE,M,1,37,55,Treatment,yes,yes
144,10-Jul-23,6T,6T,DICK,TRUE,F,1,22,188,Treatment,yes,yes
144,10-Jul-23,6T,6T,DICK,TRUE,M,1,66,79,Treatment,yes,yes
86,17-May-23,6T,6T,EAKI,FALSE,U,1,48,230,Treatment,yes,yes
2,7-May-22,6C,6C,EAME,TRUE,U,2,115,227,Control,yes,yes
3,7-May-22,6T,6T,EAME,TRUE,M,1,162,19,Treatment,yes,yes
4,7-May-22,7C,7C,EAME,TRUE,M,1,180,160,Control,no,yes
4,7-May-22,7C,7C,EAME,TRUE,M,1,40,293,Control,no,yes
5,7-May-22,7T,7T,EAME,TRUE,M,1,188,107,Treatment,yes,yes
5,7-May-22,7T,7T,EAME,TRUE,M,1,75,324,Treatment,yes,yes
7,7-May-22,8T,8T,EAME,TRUE,M,1,195,310,Treatment,no,yes
7,7-May-22,8T,8T,EAME,TRUE,M,1,125,165,Treatment,no,yes
7,7-May-22,8T,8T,EAME,TRUE,M,1,130,72,Treatment,no,yes
8,7-May-22,8C,8C,EAME,TRUE,M,1,110,209,Control,no,yes
8,7-May-22,8C,8C,EAME,TRUE,M,1,190,163,Control,no,yes
8,7-May-22,8C,8C,EAME,TRUE,M,1,151,33,Control,no,yes
9,7-May-22,9T,9T,EAME,TRUE,M,1,114,44,Treatment,yes,no
9,7-May-22,9T,9T,EAME,TRUE,M,1,80,170,Treatment,yes,no
10,7-May-22,9C,9C,EAME,TRUE,M,1,198,70,Control,no,no
10,7-May-22,9C,9C,EAME,TRUE,M,1,51,202,Control,no,no
11,7-May-22,10C,10C,EAME,TRUE,M,1,78,92,Control,no,no
12,7-May-22,10T,10T,EAME,TRUE,M,1,191,162,Treatment,no,no
12,7-May-22,10T,10T,EAME,TRUE,U,1,161,218,Treatment,no,no
12,7-May-22,10T,10T,EAME,TRUE,M,1,152,18,Treatment,no,no
13,10-May-22,11C,11C,EAME,TRUE,M,1,187,121,Control,no,no
14,10-May-22,11T,11T,EAME,TRUE,U,1,84,95,Treatment,no,no
15,11-May-22,3C,3C,EAME,TRUE,U,1,65,105,Control,no,yes
15,11-May-22,3C,3C,EAME,TRUE,M,1,130,131,Control,no,yes
15,11-May-22,3C,3C,EAME,TRUE,U,1,138,40,Control,no,yes
16,11-May-22,1C,1C,EAME,TRUE,M,1,96,8,Control,no,no
16,11-May-22,1C,1C,EAME,TRUE,M,1,89,285,Control,no,no
16,11-May-22,1C,1C,EAME,TRUE,MF,3,153,15,Control,no,no
17,11-May-22,3T,3T,EAME,TRUE,MF,2,104,118,Treatment,no,no
17,11-May-22,3T,3T,EAME,TRUE,M,1,123,177,Treatment,no,no
18,11-May-22,1T,1T,EAME,TRUE,M,1,160,155,Treatment,no,no
19,11-May-22,2T,2T,EAME,TRUE,M,1,107,20,Treatment,no,no
20,11-May-22,2C,2C,EAME,TRUE,U,1,54,178,Control,no,no
20,11-May-22,2C,2C,EAME,TRUE,M,1,173,56,Control,no,no
21,11-May-22,5C,5C,EAME,TRUE,M,1,131,95,Control,no,yes
21,11-May-22,5C,5C,EAME,TRUE,M,1,128,228,Control,no,yes
21,11-May-22,5C,5C,EAME,TRUE,M,1,69,347,Control,no,yes
21,11-May-22,5C,5C,EAME,TRUE,M,1,50,234,Control,no,yes
22,11-May-22,5T,5T,EAME,TRUE,MF,2,59,285,Treatment,no,yes
22,11-May-22,5T,5T,EAME,TRUE,MF,2,171,120,Treatment,no,yes
23,11-May-22,4T,4T,EAME,TRUE,M,1,185,73,Treatment,no,yes
23,11-May-22,4T,4T,EAME,TRUE,U,1,77,94,Treatment,no,yes
23,11-May-22,4T,4T,EAME,TRUE,U,1,-999,-999,Treatment,no,yes
24,11-May-22,4C,4C,EAME,TRUE,MF,2,74,133,Control,no,yes
24,11-May-22,4C,4C,EAME,TRUE,MF,2,163,100,Control,no,yes
25,14-Jun-22,4T,4T,EAME,TRUE,M,1,133,192,Treatment,no,yes
26,14-Jun-22,4C,4C,EAME,TRUE,MF,2,95,85,Control,no,yes
27,14-Jun-22,5C,5C,EAME,TRUE,M,1,172,182,Control,no,yes
27,14-Jun-22,5C,5C,EAME,TRUE,U,1,147,104,Control,no,yes
27,14-Jun-22,5C,5C,EAME,TRUE,M,1,154,254,Control,no,yes
27,14-Jun-22,5C,5C,EAME,TRUE,U,1,40,146,Control,no,yes
28,14-Jun-22,5T,5T,EAME,TRUE,MF,3,51,227,Treatment,no,yes
28,14-Jun-22,5T,5T,EAME,TRUE,M,1,93,176,Treatment,no,yes
28,14-Jun-22,5T,5T,EAME,TRUE,U,1,101,137,Treatment,no,yes
29,15-Jun-22,11C,11C,EAME,TRUE,M,1,149,67,Control,no,no
29,15-Jun-22,11C,11C,EAME,TRUE,M,1,62,245,Control,no,no
29,15-Jun-22,11C,11C,EAME,TRUE,M,1,147,105,Control,no,no
30,15-Jun-22,11T,11T,EAME,TRUE,M,1,159,311,Treatment,no,no
31,15-Jun-22,9C,9C,EAME,TRUE,U,1,129,120,Control,no,no
32,15-Jun-22,9T,9T,EAME,TRUE,M,1,135,4,Treatment,yes,no
32,15-Jun-22,9T,9T,EAME,TRUE,M,1,182,243,Treatment,yes,no
33,15-Jun-22,10T,10T,EAME,TRUE,M,1,161,197,Treatment,no,no
33,15-Jun-22,10T,10T,EAME,TRUE,M,1,149,123,Treatment,no,no
33,15-Jun-22,10T,10T,EAME,TRUE,M,1,88,296,Treatment,no,no
34,15-Jun-22,10C,10C,EAME,TRUE,M,1,125,49,Control,no,no
35,14-Jun-22,3C,3C,EAME,TRUE,M,1,91,200,Control,no,yes
36,14-Jun-22,1C,1C,EAME,TRUE,U,1,95,208,Control,no,no
36,14-Jun-22,1C,1C,EAME,TRUE,M,1,122,330,Control,no,no
37,14-Jun-22,1T,1T,EAME,TRUE,M,1,145,316,Treatment,no,no
38,14-Jun-22,3T,3T,EAME,TRUE,M,1,19,50,Treatment,no,no
39,14-Jun-22,2T,2T,EAME,TRUE,U,1,86,169,Treatment,no,no
39,14-Jun-22,2T,2T,EAME,TRUE,U,1,91,338,Treatment,no,no
40,14-Jun-22,2C,2C,EAME,TRUE,M,1,180,290,Control,no,no
41,15-Jun-22,7C,7C,EAME,TRUE,M,1,180,237,Control,no,yes
41,15-Jun-22,7C,7C,EAME,TRUE,M,1,190,207,Control,no,yes
41,15-Jun-22,7C,7C,EAME,TRUE,M,1,165,321,Control,no,yes
42,15-Jun-22,7T,7T,EAME,TRUE,M,1,147,234,Treatment,yes,yes
42,15-Jun-22,7T,7T,EAME,TRUE,M,1,129,69,Treatment,yes,yes
43,15-Jun-22,6C,6C,EAME,TRUE,M,1,119,250,Control,yes,yes
44,15-Jun-22,6T,6T,EAME,TRUE,M,1,163,189,Treatment,yes,yes
44,15-Jun-22,6T,6T,EAME,TRUE,M,1,90,164,Treatment,yes,yes
45,15-Jun-22,8T,8T,EAME,TRUE,M,1,144,213,Treatment,no,yes
45,15-Jun-22,8T,8T,EAME,TRUE,U,1,72,169,Treatment,no,yes
46,15-Jun-22,8C,8C,EAME,TRUE,M,1,64,184,Control,no,yes
46,15-Jun-22,8C,8C,EAME,TRUE,U,1,95,317,Control,no,yes
46,15-Jun-22,8C,8C,EAME,TRUE,U,1,93,138,Control,no,yes
47,8-Jul-22,6C,6C,EAME,TRUE,M,1,145,296,Control,yes,yes
47,8-Jul-22,6C,6C,EAME,TRUE,U,1,-999,-999,Control,yes,yes
47,8-Jul-22,6C,6C,EAME,TRUE,U,9,-999,-999,Control,yes,yes
49,8-Jul-22,7C,7C,EAME,TRUE,M,1,191,285,Control,no,yes
49,8-Jul-22,7C,7C,EAME,TRUE,U,1,-999,-999,Control,no,yes
50,8-Jul-22,7T,7T,EAME,TRUE,M,1,120,301,Treatment,yes,yes
52,8-Jul-22,9C,9C,EAME,TRUE,U,1,134,28,Control,no,no
52,8-Jul-22,9C,9C,EAME,TRUE,M,1,174,14,Control,no,no
52,8-Jul-22,9C,9C,EAME,TRUE,U,1,137,157,Control,no,no
53,8-Jul-22,8C,8C,EAME,TRUE,M,1,136,228,Control,no,yes
53,8-Jul-22,8C,8C,EAME,TRUE,M,1,150,300,Control,no,yes
53,8-Jul-22,8C,8C,EAME,TRUE,M,1,136,44,Control,no,yes
54,8-Jul-22,8T,8T,EAME,TRUE,M,1,276,256,Treatment,no,yes
54,8-Jul-22,8T,8T,EAME,TRUE,M,1,165,86,Treatment,no,yes
55,8-Jul-22,11C,11C,EAME,TRUE,M,1,150,65,Control,no,no
56,8-Jul-22,11T,11T,EAME,TRUE,M,1,132,35,Treatment,no,no
56,8-Jul-22,11T,11T,EAME,TRUE,U,1,48,288,Treatment,no,no
56,8-Jul-22,11T,11T,EAME,TRUE,M,1,158,348,Treatment,no,no
57,8-Jul-22,10T,10T,EAME,TRUE,MF,3,-999,-999,Treatment,no,no
58,8-Jul-22,10C,10C,EAME,TRUE,M,1,121,358,Control,no,no
58,8-Jul-22,10C,10C,EAME,TRUE,M,1,128,274,Control,no,no
58,8-Jul-22,10C,10C,EAME,TRUE,MF,3,-999,-999,Control,no,no
59,11-Jul-22,1C,1C,EAME,TRUE,MF,4,-999,-999,Control,no,no
60,11-Jul-22,3C,3C,EAME,TRUE,M,1,164,335,Control,no,yes
60,11-Jul-22,3C,3C,EAME,TRUE,MF,2,130,93,Control,no,yes
61,11-Jul-22,2C,2C,EAME,TRUE,M,1,169,285,Control,no,no
61,11-Jul-22,2C,2C,EAME,TRUE,M,1,170,62,Control,no,no
61,11-Jul-22,2C,2C,EAME,TRUE,MF,2,-999,-999,Control,no,no
62,11-Jul-22,2T,2T,EAME,TRUE,U,1,45,59,Treatment,no,no
62,11-Jul-22,2T,2T,EAME,TRUE,M,1,135,271,Treatment,no,no
62,11-Jul-22,2T,2T,EAME,TRUE,U,1,-999,-999,Treatment,no,no
62,11-Jul-22,2T,2T,EAME,TRUE,M,1,105,351,Treatment,no,no
63,11-Jul-22,3T,3T,EAME,TRUE,M,1,136,154,Treatment,no,no
64,11-Jul-22,1T,1T,EAME,TRUE,M,1,192,253,Treatment,no,no
64,11-Jul-22,1T,1T,EAME,TRUE,M,1,133,236,Treatment,no,no
65,11-Jul-22,4C,4C,EAME,TRUE,M,1,127,90,Control,no,yes
65,11-Jul-22,4C,4C,EAME,TRUE,MF,2,130,108,Control,no,yes
66,11-Jul-22,4T,4T,EAME,TRUE,M,1,81,305,Treatment,no,yes
67,11-Jul-22,5C,5C,EAME,TRUE,M,1,71,133,Control,no,yes
67,11-Jul-22,5C,5C,EAME,TRUE,U,1,64,309,Control,no,yes
68,11-Jul-22,5T,5T,EAME,TRUE,M,1,134,101,Treatment,no,yes
68,11-Jul-22,5T,5T,EAME,TRUE,MF,2,185,156,Treatment,no,yes
69,10-May-23,5T,5C,EAME,TRUE,M,1,103,115,Control,no,yes
69,10-May-23,5T,5C,EAME,TRUE,M,1,120,93,Control,no,yes
69,10-May-23,5T,5C,EAME,TRUE,M,1,163,214,Control,no,yes
70,10-May-23,5C,5T,EAME,TRUE,M,1,116,107,Treatment,no,yes
70,10-May-23,5C,5T,EAME,TRUE,M,1,90,144,Treatment,no,yes
70,10-May-23,5C,5T,EAME,TRUE,U,1,110,125,Treatment,no,yes
71,10-May-23,4T,4T,EAME,TRUE,M,1,101,242,Treatment,no,yes
71,10-May-23,4T,4T,EAME,TRUE,M,1,66,106,Treatment,no,yes
71,10-May-23,4T,4T,EAME,TRUE,M,1,81,49,Treatment,no,yes
72,10-May-23,4C,4C,EAME,TRUE,M,1,81,215,Control,no,yes
72,10-May-23,4C,4C,EAME,TRUE,M,1,125,123,Control,no,yes
73,10-May-23,2T,2T,EAME,TRUE,M,1,57,218,Treatment,no,no
73,10-May-23,2T,2T,EAME,TRUE,M,1,107,335,Treatment,no,no
73,10-May-23,2T,2T,EAME,TRUE,M,1,59,101,Treatment,no,no
74,10-May-23,2C,2C,EAME,TRUE,M,1,118,93,Control,no,no
75,10-May-23,3T,3T,EAME,TRUE,M,1,101,121,Treatment,no,no
75,10-May-23,3T,3T,EAME,TRUE,U,1,166,173,Treatment,no,no
75,10-May-23,3T,3T,EAME,TRUE,M,1,125,202,Treatment,no,no
76,10-May-23,1T,1T,EAME,TRUE,M,1,176,317,Treatment,no,no
76,10-May-23,1T,1T,EAME,TRUE,M,1,150,226,Treatment,no,no
77,10-May-23,1C,1C,EAME,TRUE,MF,2,75,327,Control,no,no
77,10-May-23,1C,1C,EAME,TRUE,M,1,92,173,Control,no,no
77,10-May-23,1C,1C,EAME,TRUE,M,1,146,123,Control,no,no
78,10-May-23,3C,3C,EAME,TRUE,M,1,151,185,Control,no,yes
78,10-May-23,3C,3C,EAME,TRUE,U,1,49,144,Control,no,yes
78,10-May-23,3C,3C,EAME,TRUE,U,1,70,122,Control,no,yes
78,10-May-23,3C,3C,EAME,TRUE,U,1,-999,-999,Control,no,yes
79,17-May-23,11T,11T,EAME,TRUE,U,1,37,224,Treatment,no,no
79,17-May-23,11T,11T,EAME,TRUE,M,1,190,350,Treatment,no,no
79,17-May-23,11T,11T,EAME,TRUE,M,1,178,58,Treatment,no,no
79,17-May-23,11T,11T,EAME,TRUE,U,2,-999,-999,Treatment,no,no
79,17-May-23,11T,11T,EAME,TRUE,M,1,159,165,Treatment,no,no
80,17-May-23,11C,11C,EAME,TRUE,M,1,143,125,Control,no,no
80,17-May-23,11C,11C,EAME,TRUE,M,1,148,54,Control,no,no
81,17-May-23,8T,8T,EAME,TRUE,M,1,313,113,Treatment,no,yes
81,17-May-23,8T,8T,EAME,TRUE,M,1,7,183,Treatment,no,yes
81,17-May-23,8T,8T,EAME,TRUE,M,1,19,48,Treatment,no,yes
82,17-May-23,8C,8C,EAME,TRUE,M,1,309,121,Control,no,yes
82,17-May-23,8C,8C,EAME,TRUE,M,1,286,77,Control,no,yes
83,17-May-23,7C,7C,EAME,TRUE,M,1,68,60,Control,no,yes
83,17-May-23,7C,7C,EAME,TRUE,M,1,247,180,Control,no,yes
83,17-May-23,7C,7C,EAME,TRUE,M,1,159,133,Control,no,yes
84,17-May-23,7T,7T,EAME,TRUE,M,1,46,355,Treatment,yes,yes
84,17-May-23,7T,7T,EAME,TRUE,M,1,70,268,Treatment,yes,yes
85,17-May-23,6C,6C,EAME,TRUE,M,1,145,237,Control,yes,yes
85,17-May-23,6C,6C,EAME,TRUE,M,1,169,24,Control,yes,yes
85,17-May-23,6C,6C,EAME,TRUE,M,1,185,194,Control,yes,yes
86,17-May-23,6T,6T,EAME,TRUE,M,1,145,225,Treatment,yes,yes
87,17-May-23,9T,9T,EAME,TRUE,M,1,124,329,Treatment,yes,no
87,17-May-23,9T,9T,EAME,TRUE,M,1,114,303,Treatment,yes,no
87,17-May-23,9T,9T,EAME,TRUE,M,1,164,7,Treatment,yes,no
88,17-May-23,9C,9C,EAME,TRUE,U,1,50,220,Control,no,no
88,17-May-23,9C,9C,EAME,TRUE,M,1,166,30,Control,no,no
89,17-May-23,10C,10C,EAME,TRUE,MF,2,141,335,Control,no,no
89,17-May-23,10C,10C,EAME,TRUE,U,1,91,106,Control,no,no
90,17-May-23,10T,10T,EAME,TRUE,F,1,50,313,Treatment,no,no
90,17-May-23,10T,10T,EAME,TRUE,M,1,91,253,Treatment,no,no
92,9-Jun-23,8C,8C,EAME,TRUE,M,1,197,260,Control,no,yes
93,9-Jun-23,7C,7C,EAME,TRUE,M,1,161,323,Control,no,yes
93,9-Jun-23,7C,7C,EAME,TRUE,M,1,191,326,Control,no,yes
94,9-Jun-23,7T,7T,EAME,TRUE,M,1,123,346,Treatment,yes,yes
95,9-Jun-23,9T,9T,EAME,TRUE,M,1,170,306,Treatment,yes,no
96,9-Jun-23,9C,9C,EAME,TRUE,U,1,134,10,Control,no,no
97,9-Jun-23,6C,6C,EAME,TRUE,U,1,88,200,Control,yes,yes
97,9-Jun-23,6C,6C,EAME,TRUE,MF,2,159,144,Control,yes,yes
98,9-Jun-23,6T,6T,EAME,TRUE,F,1,14,179,Treatment,yes,yes
99,9-Jun-23,10C,10C,EAME,TRUE,U,1,44,142,Control,no,no
100,9-Jun-23,10T,10T,EAME,TRUE,U,2,54,75,Treatment,no,no
100,9-Jun-23,10T,10T,EAME,TRUE,U,1,-999,-999,Treatment,no,no
100,9-Jun-23,10T,10T,EAME,TRUE,M,1,165,203,Treatment,no,no
101,9-Jun-23,11T,11T,EAME,TRUE,M,1,139,220,Treatment,no,no
101,9-Jun-23,11T,11T,EAME,TRUE,U,1,85,109,Treatment,no,no
102,9-Jun-23,11C,11C,EAME,TRUE,U,1,133,156,Control,no,no
102,9-Jun-23,11C,11C,EAME,TRUE,U,2,-999,-999,Control,no,no
103,12-Jun-23,5T,5C,EAME,TRUE,M,1,94,32,Control,no,yes
103,12-Jun-23,5T,5C,EAME,TRUE,U,1,14,153,Control,no,yes
103,12-Jun-23,5T,5C,EAME,TRUE,M,1,131,57,Control,no,yes
104,12-Jun-23,5C,5T,EAME,TRUE,M,1,166,115,Treatment,no,yes
104,12-Jun-23,5C,5T,EAME,TRUE,M,1,95,251,Treatment,no,yes
105,12-Jun-23,4T,4T,EAME,TRUE,U,1,80,41,Treatment,no,yes
105,12-Jun-23,4T,4T,EAME,TRUE,M,1,198,67,Treatment,no,yes
105,12-Jun-23,4T,4T,EAME,TRUE,U,1,126,235,Treatment,no,yes
106,12-Jun-23,4C,4C,EAME,TRUE,MF,3,49,346,Control,no,yes
108,12-Jun-23,2C,2C,EAME,TRUE,M,1,92,93,Control,no,no
108,12-Jun-23,2C,2C,EAME,TRUE,M,1,25,171,Control,no,no
109,12-Jun-23,3T,3T,EAME,TRUE,U,1,100,135,Treatment,no,no
110,12-Jun-23,1T,1T,EAME,TRUE,M,1,101,306,Treatment,no,no
110,12-Jun-23,1T,1T,EAME,TRUE,U,1,35,16,Treatment,no,no
111,12-Jun-23,1C,1C,EAME,TRUE,M,1,161,14,Control,no,no
123,11-Jul-23,1C,1C,EAME,TRUE,M,1,194,278,Control,no,no
123,11-Jul-23,1C,1C,EAME,TRUE,M,1,155,6,Control,no,no
124,11-Jul-23,3C,3C,EAME,TRUE,U,1,-999,-999,Control,no,yes
124,11-Jul-23,3C,3C,EAME,TRUE,U,1,78,153,Control,no,yes
125,11-Jul-23,5C,5T,EAME,TRUE,M,1,172,132,Treatment,no,yes
125,11-Jul-23,5C,5T,EAME,TRUE,M,1,140,173,Treatment,no,yes
125,11-Jul-23,5C,5T,EAME,TRUE,U,1,66,229,Treatment,no,yes
126,11-Jul-23,5T,5C,EAME,TRUE,M,1,175,167,Control,no,yes
126,11-Jul-23,5T,5C,EAME,TRUE,M,1,169,239,Control,no,yes
127,11-Jul-23,2T,2T,EAME,TRUE,M,1,77,348,Treatment,no,no
127,11-Jul-23,2T,2T,EAME,TRUE,M,1,180,221,Treatment,no,no
129,11-Jul-23,4C,4C,EAME,TRUE,M,1,92,184,Control,no,yes
130,11-Jul-23,4T,4T,EAME,TRUE,M,1,102,310,Treatment,no,yes
131,11-Jul-23,1T,1T,EAME,TRUE,M,1,46,296,Treatment,no,no
132,11-Jul-23,3T,3T,EAME,TRUE,U,1,98,111,Treatment,no,no
132,11-Jul-23,3T,3T,EAME,TRUE,M,1,180,128,Treatment,no,no
132,11-Jul-23,3T,3T,EAME,TRUE,M,1,86,293,Treatment,no,no
133,10-Jul-23,8T,8T,EAME,TRUE,M,1,143,166,Treatment,no,yes
134,10-Jul-23,8C,8C,EAME,TRUE,M,1,186,288,Control,no,yes
135,10-Jul-23,11C,11C,EAME,TRUE,M,1,115,82,Control,no,no
135,10-Jul-23,11C,11C,EAME,TRUE,U,1,82,24,Control,no,no
136,10-Jul-23,11T,11T,EAME,TRUE,U,1,146,145,Treatment,no,no
136,10-Jul-23,11T,11T,EAME,TRUE,U,3,-999,-999,Treatment,no,no
137,10-Jul-23,10T,10T,EAME,TRUE,U,1,59,94,Treatment,no,no
137,10-Jul-23,10T,10T,EAME,TRUE,M,1,174,191,Treatment,no,no
138,10-Jul-23,10C,10C,EAME,TRUE,M,1,125,201,Control,no,no
139,10-Jul-23,9C,9C,EAME,TRUE,M,1,161,102,Control,no,no
140,10-Jul-23,9T,9T,EAME,TRUE,M,1,116,8,Treatment,yes,no
140,10-Jul-23,9T,9T,EAME,TRUE,M,1,116,42,Treatment,yes,no
140,10-Jul-23,9T,9T,EAME,TRUE,U,1,50,236,Treatment,yes,no
141,10-Jul-23,7C,7C,EAME,TRUE,M,1,112,133,Control,no,yes
142,10-Jul-23,7T,7T,EAME,TRUE,M,1,136,246,Treatment,yes,yes
142,10-Jul-23,7T,7T,EAME,TRUE,M,1,185,102,Treatment,yes,yes
143,10-Jul-23,6C,6C,EAME,TRUE,U,1,142,223,Control,yes,yes
143,10-Jul-23,6C,6C,EAME,TRUE,U,1,79,18,Control,yes,yes
143,10-Jul-23,6C,6C,EAME,TRUE,M,1,80,344,Control,yes,yes
144,10-Jul-23,6T,6T,EAME,TRUE,M,1,95,125,Treatment,yes,yes
144,10-Jul-23,6T,6T,EAME,TRUE,M,1,125,195,Treatment,yes,yes
144,10-Jul-23,6T,6T,EAME,TRUE,M,1,123,267,Treatment,yes,yes
104,12-Jun-23,5C,5T,EUST,FALSE,U,2,91,171,Treatment,no,yes
104,12-Jun-23,5C,5T,EUST,FALSE,U,3,-999,-999,Treatment,no,yes
4,7-May-22,7C,7C,GBHE,FALSE,U,1,-999,-999,Control,no,yes
30,15-Jun-22,11T,11T,GBHE,FALSE,U,1,-999,-999,Treatment,no,no
109,12-Jun-23,3T,3T,GBHE,FALSE,U,1,-999,-999,Treatment,no,no
2,7-May-22,6C,6C,GRPC,TRUE,M,2,198,196,Control,yes,yes
4,7-May-22,7C,7C,GRSP,TRUE,M,1,40,3,Control,no,yes
4,7-May-22,7C,7C,GRSP,TRUE,M,1,56,84,Control,no,yes
4,7-May-22,7C,7C,GRSP,TRUE,M,1,80,160,Control,no,yes
7,7-May-22,8T,8T,GRSP,TRUE,M,1,80,335,Treatment,no,yes
8,7-May-22,8C,8C,GRSP,TRUE,MF,2,51,105,Control,no,yes
8,7-May-22,8C,8C,GRSP,TRUE,M,1,80,182,Control,no,yes
8,7-May-22,8C,8C,GRSP,TRUE,M,1,95,297,Control,no,yes
9,7-May-22,9T,9T,GRSP,TRUE,M,1,90,127,Treatment,yes,no
10,7-May-22,9C,9C,GRSP,TRUE,M,1,144,144,Control,no,no
10,7-May-22,9C,9C,GRSP,TRUE,M,1,145,21,Control,no,no
11,7-May-22,10C,10C,GRSP,TRUE,M,1,118,6,Control,no,no
11,7-May-22,10C,10C,GRSP,TRUE,M,1,98,162,Control,no,no
11,7-May-22,10C,10C,GRSP,TRUE,M,1,190,80,Control,no,no
12,7-May-22,10T,10T,GRSP,TRUE,M,1,95,83,Treatment,no,no
13,10-May-22,11C,11C,GRSP,TRUE,M,2,70,167,Control,no,no
13,10-May-22,11C,11C,GRSP,TRUE,M,1,33,136,Control,no,no
14,10-May-22,11T,11T,GRSP,TRUE,M,1,44,227,Treatment,no,no
15,11-May-22,3C,3C,GRSP,TRUE,M,1,134,135,Control,no,yes
15,11-May-22,3C,3C,GRSP,TRUE,M,1,80,94,Control,no,yes
16,11-May-22,1C,1C,GRSP,TRUE,M,1,26,257,Control,no,no
16,11-May-22,1C,1C,GRSP,TRUE,M,1,57,166,Control,no,no
16,11-May-22,1C,1C,GRSP,TRUE,U,1,16,50,Control,no,no
17,11-May-22,3T,3T,GRSP,TRUE,-999,1,81,166,Treatment,no,no
17,11-May-22,3T,3T,GRSP,TRUE,M,1,67,106,Treatment,no,no
18,11-May-22,1T,1T,GRSP,TRUE,M,1,75,169,Treatment,no,no
18,11-May-22,1T,1T,GRSP,TRUE,MF,2,37,267,Treatment,no,no
19,11-May-22,2T,2T,GRSP,TRUE,M,1,65,321,Treatment,no,no
19,11-May-22,2T,2T,GRSP,TRUE,M,1,54,81,Treatment,no,no
19,11-May-22,2T,2T,GRSP,TRUE,U,1,23,216,Treatment,no,no
19,11-May-22,2T,2T,GRSP,TRUE,M,1,53,141,Treatment,no,no
20,11-May-22,2C,2C,GRSP,TRUE,MF,2,41,17,Control,no,no
20,11-May-22,2C,2C,GRSP,TRUE,M,1,65,150,Control,no,no
20,11-May-22,2C,2C,GRSP,TRUE,M,1,89,74,Control,no,no
21,11-May-22,5C,5C,GRSP,TRUE,M,1,26,109,Control,no,yes
21,11-May-22,5C,5C,GRSP,TRUE,M,1,46,237,Control,no,yes
22,11-May-22,5T,5T,GRSP,TRUE,M,1,77,124,Treatment,no,yes
22,11-May-22,5T,5T,GRSP,TRUE,M,1,37,270,Treatment,no,yes
23,11-May-22,4T,4T,GRSP,TRUE,M,1,66,242,Treatment,no,yes
23,11-May-22,4T,4T,GRSP,TRUE,M,1,47,109,Treatment,no,yes
23,11-May-22,4T,4T,GRSP,TRUE,M,1,37,81,Treatment,no,yes
24,11-May-22,4C,4C,GRSP,TRUE,M,1,35,213,Control,no,yes
24,11-May-22,4C,4C,GRSP,TRUE,M,1,45,60,Control,no,yes
24,11-May-22,4C,4C,GRSP,TRUE,U,1,40,349,Control,no,yes
24,11-May-22,4C,4C,GRSP,TRUE,M,1,41,149,Control,no,yes
25,14-Jun-22,4T,4T,GRSP,TRUE,M,1,18,37,Treatment,no,yes
25,14-Jun-22,4T,4T,GRSP,TRUE,M,1,97,256,Treatment,no,yes
25,14-Jun-22,4T,4T,GRSP,TRUE,M,1,104,213,Treatment,no,yes
26,14-Jun-22,4C,4C,GRSP,TRUE,M,1,52,89,Control,no,yes
26,14-Jun-22,4C,4C,GRSP,TRUE,M,1,41,220,Control,no,yes
27,14-Jun-22,5C,5C,GRSP,TRUE,M,1,87,88,Control,no,yes
27,14-Jun-22,5C,5C,GRSP,TRUE,M,1,84,174,Control,no,yes
27,14-Jun-22,5C,5C,GRSP,TRUE,M,1,89,217,Control,no,yes
27,14-Jun-22,5C,5C,GRSP,TRUE,M,1,45,259,Control,no,yes
28,14-Jun-22,5T,5T,GRSP,TRUE,MF,1,37,211,Treatment,no,yes
28,14-Jun-22,5T,5T,GRSP,TRUE,M,1,70,246,Treatment,no,yes
29,15-Jun-22,11C,11C,GRSP,TRUE,M,1,23,179,Control,no,no
30,15-Jun-22,11T,11T,GRSP,TRUE,M,1,44,222,Treatment,no,no
31,15-Jun-22,9C,9C,GRSP,TRUE,M,1,41,31,Control,no,no
31,15-Jun-22,9C,9C,GRSP,TRUE,M,1,47,228,Control,no,no
31,15-Jun-22,9C,9C,GRSP,TRUE,U,1,20,148,Control,no,no
32,15-Jun-22,9T,9T,GRSP,TRUE,M,1,31,268,Treatment,yes,no
32,15-Jun-22,9T,9T,GRSP,TRUE,M,1,66,142,Treatment,yes,no
33,15-Jun-22,10T,10T,GRSP,TRUE,M,1,48,53,Treatment,no,no
33,15-Jun-22,10T,10T,GRSP,TRUE,M,1,55,212,Treatment,no,no
35,14-Jun-22,3C,3C,GRSP,TRUE,MF,2,48,116,Control,no,yes
35,14-Jun-22,3C,3C,GRSP,TRUE,M,1,38,184,Control,no,yes
36,14-Jun-22,1C,1C,GRSP,TRUE,M,1,36,209,Control,no,no
36,14-Jun-22,1C,1C,GRSP,TRUE,U,1,36,49,Control,no,no
37,14-Jun-22,1T,1T,GRSP,TRUE,M,1,23,311,Treatment,no,no
38,14-Jun-22,3T,3T,GRSP,TRUE,M,1,22,299,Treatment,no,no
38,14-Jun-22,3T,3T,GRSP,TRUE,M,1,55,45,Treatment,no,no
40,14-Jun-22,2C,2C,GRSP,TRUE,M,1,88,118,Control,no,no
40,14-Jun-22,2C,2C,GRSP,TRUE,M,1,51,92,Control,no,no
42,15-Jun-22,7T,7T,GRSP,TRUE,M,1,37,70,Treatment,yes,yes
42,15-Jun-22,7T,7T,GRSP,TRUE,M,1,73,307,Treatment,yes,yes
43,15-Jun-22,6C,6C,GRSP,TRUE,M,1,29,123,Control,yes,yes
43,15-Jun-22,6C,6C,GRSP,TRUE,M,1,40,295,Control,yes,yes
44,15-Jun-22,6T,6T,GRSP,TRUE,M,1,51,175,Treatment,yes,yes
45,15-Jun-22,8T,8T,GRSP,TRUE,M,1,130,246,Treatment,no,yes
45,15-Jun-22,8T,8T,GRSP,TRUE,M,1,94,324,Treatment,no,yes
47,8-Jul-22,6C,6C,GRSP,TRUE,M,1,100,310,Control,yes,yes
48,8-Jul-22,6T,6T,GRSP,TRUE,M,1,60,48,Treatment,yes,yes
48,8-Jul-22,6T,6T,GRSP,TRUE,U,1,23,312,Treatment,yes,yes
49,8-Jul-22,7C,7C,GRSP,TRUE,M,1,40,274,Control,no,yes
50,8-Jul-22,7T,7T,GRSP,TRUE,M,1,39,329,Treatment,yes,yes
50,8-Jul-22,7T,7T,GRSP,TRUE,M,1,42,50,Treatment,yes,yes
50,8-Jul-22,7T,7T,GRSP,TRUE,M,1,133,21,Treatment,yes,yes
51,8-Jul-22,9T,9T,GRSP,TRUE,M,1,143,245,Treatment,yes,no
52,8-Jul-22,9C,9C,GRSP,TRUE,U,1,19,64,Control,no,no
52,8-Jul-22,9C,9C,GRSP,TRUE,M,1,37,29,Control,no,no
52,8-Jul-22,9C,9C,GRSP,TRUE,M,1,134,212,Control,no,no
53,8-Jul-22,8C,8C,GRSP,TRUE,M,1,52,103,Control,no,yes
53,8-Jul-22,8C,8C,GRSP,TRUE,M,1,33,214,Control,no,yes
54,8-Jul-22,8T,8T,GRSP,TRUE,M,1,97,283,Treatment,no,yes
54,8-Jul-22,8T,8T,GRSP,TRUE,M,1,90,92,Treatment,no,yes
55,8-Jul-22,11C,11C,GRSP,TRUE,M,1,47,34,Control,no,no
56,8-Jul-22,11T,11T,GRSP,TRUE,U,1,23,277,Treatment,no,no
56,8-Jul-22,11T,11T,GRSP,TRUE,M,1,49,74,Treatment,no,no
56,8-Jul-22,11T,11T,GRSP,TRUE,M,1,48,163,Treatment,no,no
57,8-Jul-22,10T,10T,GRSP,TRUE,M,1,128,199,Treatment,no,no
57,8-Jul-22,10T,10T,GRSP,TRUE,U,1,168,86,Treatment,no,no
58,8-Jul-22,10C,10C,GRSP,TRUE,M,1,143,343,Control,no,no
59,11-Jul-22,1C,1C,GRSP,TRUE,M,1,30,350,Control,no,no
59,11-Jul-22,1C,1C,GRSP,TRUE,M,1,81,212,Control,no,no
59,11-Jul-22,1C,1C,GRSP,TRUE,M,1,49,163,Control,no,no
60,11-Jul-22,3C,3C,GRSP,TRUE,M,1,61,63,Control,no,yes
60,11-Jul-22,3C,3C,GRSP,TRUE,M,1,67,148,Control,no,yes
61,11-Jul-22,2C,2C,GRSP,TRUE,M,1,84,235,Control,no,no
61,11-Jul-22,2C,2C,GRSP,TRUE,M,1,60,298,Control,no,no
62,11-Jul-22,2T,2T,GRSP,TRUE,M,1,50,132,Treatment,no,no
62,11-Jul-22,2T,2T,GRSP,TRUE,M,1,22,69,Treatment,no,no
62,11-Jul-22,2T,2T,GRSP,TRUE,M,1,27,347,Treatment,no,no
63,11-Jul-22,3T,3T,GRSP,TRUE,M,1,42,105,Treatment,no,no
64,11-Jul-22,1T,1T,GRSP,TRUE,M,1,55,280,Treatment,no,no
65,11-Jul-22,4C,4C,GRSP,TRUE,M,1,23,118,Control,no,yes
65,11-Jul-22,4C,4C,GRSP,TRUE,MF,2,16,291,Control,no,yes
66,11-Jul-22,4T,4T,GRSP,TRUE,U,1,22,96,Treatment,no,yes
67,11-Jul-22,5C,5C,GRSP,TRUE,M,1,44,169,Control,no,yes
67,11-Jul-22,5C,5C,GRSP,TRUE,M,1,63,300,Control,no,yes
68,11-Jul-22,5T,5T,GRSP,TRUE,M,1,45,68,Treatment,no,yes
68,11-Jul-22,5T,5T,GRSP,TRUE,M,1,105,111,Treatment,no,yes
68,11-Jul-22,5T,5T,GRSP,TRUE,M,1,42,20,Treatment,no,yes
69,10-May-23,5T,5C,GRSP,TRUE,M,1,20,18,Control,no,yes
69,10-May-23,5T,5C,GRSP,TRUE,M,1,37,132,Control,no,yes
69,10-May-23,5T,5C,GRSP,TRUE,M,1,66,211,Control,no,yes
69,10-May-23,5T,5C,GRSP,TRUE,M,1,58,72,Control,no,yes
69,10-May-23,5T,5C,GRSP,TRUE,M,1,91,346,Control,no,yes
70,10-May-23,5C,5T,GRSP,TRUE,M,1,93,135,Treatment,no,yes
70,10-May-23,5C,5T,GRSP,TRUE,M,1,38,178,Treatment,no,yes
71,10-May-23,4T,4T,GRSP,TRUE,M,1,63,67,Treatment,no,yes
71,10-May-23,4T,4T,GRSP,TRUE,M,1,30,124,Treatment,no,yes
71,10-May-23,4T,4T,GRSP,TRUE,M,1,66,220,Treatment,no,yes
72,10-May-23,4C,4C,GRSP,TRUE,M,1,59,335,Control,no,yes
72,10-May-23,4C,4C,GRSP,TRUE,M,1,30,64,Control,no,yes
72,10-May-23,4C,4C,GRSP,TRUE,M,1,101,137,Control,no,yes
73,10-May-23,2T,2T,GRSP,TRUE,M,1,33,116,Treatment,no,no
73,10-May-23,2T,2T,GRSP,TRUE,U,1,17,353,Treatment,no,no
73,10-May-23,2T,2T,GRSP,TRUE,M,1,66,160,Treatment,no,no
74,10-May-23,2C,2C,GRSP,TRUE,M,1,62,78,Control,no,no
74,10-May-23,2C,2C,GRSP,TRUE,M,1,41,25,Control,no,no
74,10-May-23,2C,2C,GRSP,TRUE,M,1,46,221,Control,no,no
75,10-May-23,3T,3T,GRSP,TRUE,U,1,54,116,Treatment,no,no
75,10-May-23,3T,3T,GRSP,TRUE,M,1,42,337,Treatment,no,no
75,10-May-23,3T,3T,GRSP,TRUE,M,1,50,36,Treatment,no,no
75,10-May-23,3T,3T,GRSP,TRUE,M,1,29,168,Treatment,no,no
76,10-May-23,1T,1T,GRSP,TRUE,M,1,115,208,Treatment,no,no
76,10-May-23,1T,1T,GRSP,TRUE,M,1,65,332,Treatment,no,no
76,10-May-23,1T,1T,GRSP,TRUE,M,1,59,222,Treatment,no,no
76,10-May-23,1T,1T,GRSP,TRUE,M,1,26,77,Treatment,no,no
77,10-May-23,1C,1C,GRSP,TRUE,M,1,45,207,Control,no,no
77,10-May-23,1C,1C,GRSP,TRUE,M,1,72,344,Control,no,no
77,10-May-23,1C,1C,GRSP,TRUE,U,1,47,43,Control,no,no
77,10-May-23,1C,1C,GRSP,TRUE,M,1,178,246,Control,no,no
77,10-May-23,1C,1C,GRSP,TRUE,M,1,53,210,Control,no,no
78,10-May-23,3C,3C,GRSP,TRUE,M,1,142,69,Control,no,yes
78,10-May-23,3C,3C,GRSP,TRUE,M,1,67,162,Control,no,yes
78,10-May-23,3C,3C,GRSP,TRUE,M,1,122,215,Control,no,yes
79,17-May-23,11T,11T,GRSP,TRUE,M,1,27,198,Treatment,no,no
79,17-May-23,11T,11T,GRSP,TRUE,M,1,37,251,Treatment,no,no
79,17-May-23,11T,11T,GRSP,TRUE,M,1,171,358,Treatment,no,no
79,17-May-23,11T,11T,GRSP,TRUE,M,1,110,139,Treatment,no,no
80,17-May-23,11C,11C,GRSP,TRUE,M,1,56,37,Control,no,no
80,17-May-23,11C,11C,GRSP,TRUE,M,1,44,245,Control,no,no
80,17-May-23,11C,11C,GRSP,TRUE,M,1,59,109,Control,no,no
80,17-May-23,11C,11C,GRSP,TRUE,M,1,119,6,Control,no,no
81,17-May-23,8T,8T,GRSP,TRUE,M,1,37,243,Treatment,no,yes
81,17-May-23,8T,8T,GRSP,TRUE,M,1,203,85,Treatment,no,yes
81,17-May-23,8T,8T,GRSP,TRUE,M,1,331,81,Treatment,no,yes
81,17-May-23,8T,8T,GRSP,TRUE,M,1,63,67,Treatment,no,yes
81,17-May-23,8T,8T,GRSP,TRUE,U,1,85,21,Treatment,no,yes
82,17-May-23,8C,8C,GRSP,TRUE,M,1,34,227,Control,no,yes
82,17-May-23,8C,8C,GRSP,TRUE,M,1,54,213,Control,no,yes
82,17-May-23,8C,8C,GRSP,TRUE,M,1,24,35,Control,no,yes
82,17-May-23,8C,8C,GRSP,TRUE,M,1,93,164,Control,no,yes
82,17-May-23,8C,8C,GRSP,TRUE,M,1,110,4,Control,no,yes
83,17-May-23,7C,7C,GRSP,TRUE,M,1,15,96,Control,no,yes
83,17-May-23,7C,7C,GRSP,TRUE,M,1,34,204,Control,no,yes
83,17-May-23,7C,7C,GRSP,TRUE,M,1,242,60,Control,no,yes
84,17-May-23,7T,7T,GRSP,TRUE,U,1,28,276,Treatment,yes,yes
84,17-May-23,7T,7T,GRSP,TRUE,M,1,36,331,Treatment,yes,yes
84,17-May-23,7T,7T,GRSP,TRUE,M,1,39,231,Treatment,yes,yes
84,17-May-23,7T,7T,GRSP,TRUE,M,1,28,153,Treatment,yes,yes
85,17-May-23,6C,6C,GRSP,TRUE,M,1,71,214,Control,yes,yes
85,17-May-23,6C,6C,GRSP,TRUE,M,1,48,294,Control,yes,yes
85,17-May-23,6C,6C,GRSP,TRUE,M,1,47,102,Control,yes,yes
85,17-May-23,6C,6C,GRSP,TRUE,M,1,91,186,Control,yes,yes
86,17-May-23,6T,6T,GRSP,TRUE,M,1,27,313,Treatment,yes,yes
86,17-May-23,6T,6T,GRSP,TRUE,M,1,112,262,Treatment,yes,yes
87,17-May-23,9T,9T,GRSP,TRUE,M,1,28,45,Treatment,yes,no
87,17-May-23,9T,9T,GRSP,TRUE,M,1,46,232,Treatment,yes,no
88,17-May-23,9C,9C,GRSP,TRUE,M,1,47,230,Control,no,no
88,17-May-23,9C,9C,GRSP,TRUE,M,1,67,265,Control,no,no
88,17-May-23,9C,9C,GRSP,TRUE,M,1,119,26,Control,no,no
90,17-May-23,10T,10T,GRSP,TRUE,M,1,55,120,Treatment,no,no
90,17-May-23,10T,10T,GRSP,TRUE,M,1,140,247,Treatment,no,no
90,17-May-23,10T,10T,GRSP,TRUE,M,1,165,199,Treatment,no,no
90,17-May-23,10T,10T,GRSP,TRUE,M,1,29,81,Treatment,no,no
91,9-Jun-23,8T,8T,GRSP,TRUE,M,1,48,60,Treatment,no,yes
91,9-Jun-23,8T,8T,GRSP,TRUE,M,1,92,342,Treatment,no,yes
92,9-Jun-23,8C,8C,GRSP,TRUE,M,1,48,126,Control,no,yes
92,9-Jun-23,8C,8C,GRSP,TRUE,M,1,74,28,Control,no,yes
92,9-Jun-23,8C,8C,GRSP,TRUE,M,1,130,279,Control,no,yes
92,9-Jun-23,8C,8C,GRSP,TRUE,F,1,20,220,Control,no,yes
93,9-Jun-23,7C,7C,GRSP,TRUE,M,1,56,343,Control,no,yes
93,9-Jun-23,7C,7C,GRSP,TRUE,M,1,126,260,Control,no,yes
94,9-Jun-23,7T,7T,GRSP,TRUE,M,1,50,11,Treatment,yes,yes
94,9-Jun-23,7T,7T,GRSP,TRUE,M,1,22,224,Treatment,yes,yes
94,9-Jun-23,7T,7T,GRSP,TRUE,M,1,22,177,Treatment,yes,yes
94,9-Jun-23,7T,7T,GRSP,TRUE,M,1,134,120,Treatment,yes,yes
94,9-Jun-23,7T,7T,GRSP,TRUE,M,1,41,283,Treatment,yes,yes
95,9-Jun-23,9T,9T,GRSP,TRUE,M,1,106,349,Treatment,yes,no
95,9-Jun-23,9T,9T,GRSP,TRUE,M,1,142,282,Treatment,yes,no
96,9-Jun-23,9C,9C,GRSP,TRUE,M,1,46,23,Control,no,no
96,9-Jun-23,9C,9C,GRSP,TRUE,F,1,36,28,Control,no,no
97,9-Jun-23,6C,6C,GRSP,TRUE,MF,2,34,159,Control,yes,yes
97,9-Jun-23,6C,6C,GRSP,TRUE,M,1,48,81,Control,yes,yes
97,9-Jun-23,6C,6C,GRSP,TRUE,M,1,81,338,Control,yes,yes
98,9-Jun-23,6T,6T,GRSP,TRUE,M,1,121,287,Treatment,yes,yes
98,9-Jun-23,6T,6T,GRSP,TRUE,M,1,157,112,Treatment,yes,yes
100,9-Jun-23,10T,10T,GRSP,TRUE,M,1,69,180,Treatment,no,no
100,9-Jun-23,10T,10T,GRSP,TRUE,M,1,80,331,Treatment,no,no
100,9-Jun-23,10T,10T,GRSP,TRUE,M,1,61,290,Treatment,no,no
101,9-Jun-23,11T,11T,GRSP,TRUE,M,1,47,166,Treatment,no,no
101,9-Jun-23,11T,11T,GRSP,TRUE,M,1,135,215,Treatment,no,no
102,9-Jun-23,11C,11C,GRSP,TRUE,U,1,32,136,Control,no,no
102,9-Jun-23,11C,11C,GRSP,TRUE,U,1,37,354,Control,no,no
102,9-Jun-23,11C,11C,GRSP,TRUE,M,1,88,340,Control,no,no
103,12-Jun-23,5T,5C,GRSP,TRUE,M,1,103,131,Control,no,yes
103,12-Jun-23,5T,5C,GRSP,TRUE,M,1,40,263,Control,no,yes
104,12-Jun-23,5C,5T,GRSP,TRUE,M,1,78,130,Treatment,no,yes
104,12-Jun-23,5C,5T,GRSP,TRUE,M,1,55,226,Treatment,no,yes
104,12-Jun-23,5C,5T,GRSP,TRUE,M,1,78,257,Treatment,no,yes
105,12-Jun-23,4T,4T,GRSP,TRUE,M,1,101,271,Treatment,no,yes
105,12-Jun-23,4T,4T,GRSP,TRUE,M,1,90,329,Treatment,no,yes
106,12-Jun-23,4C,4C,GRSP,TRUE,M,1,43,59,Control,no,yes
106,12-Jun-23,4C,4C,GRSP,TRUE,M,1,95,131,Control,no,yes
107,12-Jun-23,2T,2T,GRSP,TRUE,M,1,43,145,Treatment,no,no
107,12-Jun-23,2T,2T,GRSP,TRUE,M,1,78,356,Treatment,no,no
108,12-Jun-23,2C,2C,GRSP,TRUE,M,1,66,27,Control,no,no
108,12-Jun-23,2C,2C,GRSP,TRUE,M,1,62,94,Control,no,no
108,12-Jun-23,2C,2C,GRSP,TRUE,M,1,77,154,Control,no,no
109,12-Jun-23,3T,3T,GRSP,TRUE,M,1,79,217,Treatment,no,no
109,12-Jun-23,3T,3T,GRSP,TRUE,M,1,36,315,Treatment,no,no
109,12-Jun-23,3T,3T,GRSP,TRUE,U,1,38,130,Treatment,no,no
109,12-Jun-23,3T,3T,GRSP,TRUE,M,1,50,19,Treatment,no,no
110,12-Jun-23,1T,1T,GRSP,TRUE,M,1,101,247,Treatment,no,no
110,12-Jun-23,1T,1T,GRSP,TRUE,M,1,48,8,Treatment,no,no
111,12-Jun-23,1C,1C,GRSP,TRUE,M,1,77,60,Control,no,no
111,12-Jun-23,1C,1C,GRSP,TRUE,M,1,177,274,Control,no,no
111,12-Jun-23,1C,1C,GRSP,TRUE,M,1,58,182,Control,no,no
111,12-Jun-23,1C,1C,GRSP,TRUE,M,1,74,328,Control,no,no
112,12-Jun-23,3C,3C,GRSP,TRUE,M,1,107,339,Control,no,yes
112,12-Jun-23,3C,3C,GRSP,TRUE,M,1,101,71,Control,no,yes
112,12-Jun-23,3C,3C,GRSP,TRUE,M,1,123,24,Control,no,yes
112,12-Jun-23,3C,3C,GRSP,TRUE,M,1,76,142,Control,no,yes
112,12-Jun-23,3C,3C,GRSP,TRUE,M,1,82,87,Control,no,yes
123,11-Jul-23,1C,1C,GRSP,TRUE,M,1,52,25,Control,no,no
123,11-Jul-23,1C,1C,GRSP,TRUE,M,1,26,270,Control,no,no
123,11-Jul-23,1C,1C,GRSP,TRUE,M,1,56,157,Control,no,no
123,11-Jul-23,1C,1C,GRSP,TRUE,M,1,87,204,Control,no,no
123,11-Jul-23,1C,1C,GRSP,TRUE,M,1,75,50,Control,no,no
124,11-Jul-23,3C,3C,GRSP,TRUE,M,1,120,271,Control,no,yes
124,11-Jul-23,3C,3C,GRSP,TRUE,M,2,66,123,Control,no,yes
124,11-Jul-23,3C,3C,GRSP,TRUE,M,1,120,24,Control,no,yes
124,11-Jul-23,3C,3C,GRSP,TRUE,M,1,42,352,Control,no,yes
125,11-Jul-23,5C,5T,GRSP,TRUE,M,1,73,257,Treatment,no,yes
126,11-Jul-23,5T,5C,GRSP,TRUE,M,1,75,153,Control,no,yes
126,11-Jul-23,5T,5C,GRSP,TRUE,M,1,70,201,Control,no,yes
126,11-Jul-23,5T,5C,GRSP,TRUE,M,1,35,250,Control,no,yes
126,11-Jul-23,5T,5C,GRSP,TRUE,U,1,111,108,Control,no,yes
127,11-Jul-23,2T,2T,GRSP,TRUE,U,1,25,265,Treatment,no,no
127,11-Jul-23,2T,2T,GRSP,TRUE,M,1,67,184,Treatment,no,no
127,11-Jul-23,2T,2T,GRSP,TRUE,M,1,86,133,Treatment,no,no
128,11-Jul-23,2C,2C,GRSP,TRUE,MF,2,59,342,Control,no,no
128,11-Jul-23,2C,2C,GRSP,TRUE,MF,2,18,129,Control,no,no
128,11-Jul-23,2C,2C,GRSP,TRUE,M,1,93,136,Control,no,no
129,11-Jul-23,4C,4C,GRSP,TRUE,M,1,125,135,Control,no,yes
129,11-Jul-23,4C,4C,GRSP,TRUE,M,1,78,210,Control,no,yes
129,11-Jul-23,4C,4C,GRSP,TRUE,M,1,69,32,Control,no,yes
130,11-Jul-23,4T,4T,GRSP,TRUE,M,1,117,46,Treatment,no,yes
130,11-Jul-23,4T,4T,GRSP,TRUE,M,1,120,134,Treatment,no,yes
131,11-Jul-23,1T,1T,GRSP,TRUE,M,1,48,340,Treatment,no,no
132,11-Jul-23,3T,3T,GRSP,TRUE,M,1,31,102,Treatment,no,no
132,11-Jul-23,3T,3T,GRSP,TRUE,MF,2,26,215,Treatment,no,no
132,11-Jul-23,3T,3T,GRSP,TRUE,M,1,32,310,Treatment,no,no
132,11-Jul-23,3T,3T,GRSP,TRUE,M,1,61,176,Treatment,no,no
133,10-Jul-23,8T,8T,GRSP,TRUE,M,1,40,311,Treatment,no,yes
133,10-Jul-23,8T,8T,GRSP,TRUE,M,1,50,66,Treatment,no,yes
133,10-Jul-23,8T,8T,GRSP,TRUE,M,1,87,78,Treatment,no,yes
134,10-Jul-23,8C,8C,GRSP,TRUE,M,1,48,144,Control,no,yes
134,10-Jul-23,8C,8C,GRSP,TRUE,M,1,67,206,Control,no,yes
134,10-Jul-23,8C,8C,GRSP,TRUE,M,1,87,55,Control,no,yes
134,10-Jul-23,8C,8C,GRSP,TRUE,M,1,65,295,Control,no,yes
134,10-Jul-23,8C,8C,GRSP,TRUE,M,1,65,93,Control,no,yes
135,10-Jul-23,11C,11C,GRSP,TRUE,M,1,57,7,Control,no,no
137,10-Jul-23,10T,10T,GRSP,TRUE,M,1,80,319,Treatment,no,no
137,10-Jul-23,10T,10T,GRSP,TRUE,M,1,69,190,Treatment,no,no
137,10-Jul-23,10T,10T,GRSP,TRUE,M,1,45,106,Treatment,no,no
139,10-Jul-23,9C,9C,GRSP,TRUE,M,1,52,144,Control,no,no
139,10-Jul-23,9C,9C,GRSP,TRUE,M,1,80,336,Control,no,no
139,10-Jul-23,9C,9C,GRSP,TRUE,M,1,64,237,Control,no,no
139,10-Jul-23,9C,9C,GRSP,TRUE,M,1,144,124,Control,no,no
140,10-Jul-23,9T,9T,GRSP,TRUE,M,1,64,190,Treatment,yes,no
140,10-Jul-23,9T,9T,GRSP,TRUE,M,1,34,179,Treatment,yes,no
140,10-Jul-23,9T,9T,GRSP,TRUE,M,1,37,105,Treatment,yes,no
141,10-Jul-23,7C,7C,GRSP,TRUE,M,1,41,182,Control,no,yes
141,10-Jul-23,7C,7C,GRSP,TRUE,M,1,70,205,Control,no,yes
141,10-Jul-23,7C,7C,GRSP,TRUE,M,1,64,148,Control,no,yes
141,10-Jul-23,7C,7C,GRSP,TRUE,M,1,160,36,Control,no,yes
142,10-Jul-23,7T,7T,GRSP,TRUE,M,1,27,168,Treatment,yes,yes
142,10-Jul-23,7T,7T,GRSP,TRUE,M,1,50,217,Treatment,yes,yes
142,10-Jul-23,7T,7T,GRSP,TRUE,M,1,74,354,Treatment,yes,yes
143,10-Jul-23,6C,6C,GRSP,TRUE,M,1,25,276,Control,yes,yes
143,10-Jul-23,6C,6C,GRSP,TRUE,M,1,101,224,Control,yes,yes
143,10-Jul-23,6C,6C,GRSP,TRUE,M,1,60,122,Control,yes,yes
143,10-Jul-23,6C,6C,GRSP,TRUE,M,1,130,286,Control,yes,yes
144,10-Jul-23,6T,6T,GRSP,TRUE,M,1,62,318,Treatment,yes,yes
144,10-Jul-23,6T,6T,GRSP,TRUE,M,1,64,115,Treatment,yes,yes
7,7-May-22,8T,8T,HESP,TRUE,M,1,80,220,Treatment,no,yes
7,7-May-22,8T,8T,HESP,TRUE,M,1,90,80,Treatment,no,yes
7,7-May-22,8T,8T,HESP,TRUE,M,1,70,150,Treatment,no,yes
8,7-May-22,8C,8C,HESP,TRUE,M,1,90,226,Control,no,yes
14,10-May-22,11T,11T,HESP,TRUE,M,1,50,186,Treatment,no,no
22,11-May-22,5T,5T,HESP,TRUE,M,1,56,240,Treatment,no,yes
28,14-Jun-22,5T,5T,HESP,TRUE,M,1,56,270,Treatment,no,yes
29,15-Jun-22,11C,11C,HESP,TRUE,M,1,53,306,Control,no,no
30,15-Jun-22,11T,11T,HESP,TRUE,M,1,55,116,Treatment,no,no
31,15-Jun-22,9C,9C,HESP,TRUE,M,1,47,228,Control,no,no
31,15-Jun-22,9C,9C,HESP,TRUE,M,1,99,22,Control,no,no
34,15-Jun-22,10C,10C,HESP,TRUE,M,1,43,204,Control,no,no
34,15-Jun-22,10C,10C,HESP,TRUE,M,1,58,149,Control,no,no
52,8-Jul-22,9C,9C,HESP,TRUE,M,1,37,323,Control,no,no
53,8-Jul-22,8C,8C,HESP,TRUE,M,1,35,85,Control,no,yes
53,8-Jul-22,8C,8C,HESP,TRUE,M,1,34,153,Control,no,yes
54,8-Jul-22,8T,8T,HESP,TRUE,M,1,49,64,Treatment,no,yes
57,8-Jul-22,10T,10T,HESP,TRUE,M,1,77,307,Treatment,no,no
58,8-Jul-22,10C,10C,HESP,TRUE,M,1,37,87,Control,no,no
58,8-Jul-22,10C,10C,HESP,TRUE,M,1,105,36,Control,no,no
58,8-Jul-22,10C,10C,HESP,TRUE,M,1,65,257,Control,no,no
67,11-Jul-22,5C,5C,HESP,TRUE,M,1,33,236,Control,no,yes
67,11-Jul-22,5C,5C,HESP,TRUE,M,1,98,101,Control,no,yes
80,17-May-23,11C,11C,HESP,TRUE,M,1,122,110,Control,no,no
87,17-May-23,9T,9T,HESP,TRUE,M,1,112,332,Treatment,yes,no
88,17-May-23,9C,9C,HESP,TRUE,M,1,87,244,Control,no,no
89,17-May-23,10C,10C,HESP,TRUE,M,1,68,24,Control,no,no
90,17-May-23,10T,10T,HESP,TRUE,M,1,43,293,Treatment,no,no
99,9-Jun-23,10C,10C,HESP,TRUE,M,1,70,83,Control,no,no
99,9-Jun-23,10C,10C,HESP,TRUE,M,1,35,272,Control,no,no
101,9-Jun-23,11T,11T,HESP,TRUE,M,1,24,66,Treatment,no,no
105,12-Jun-23,4T,4T,HESP,TRUE,M,1,37,95,Treatment,no,yes
127,11-Jul-23,2T,2T,HESP,TRUE,M,1,56,335,Treatment,no,no
127,11-Jul-23,2T,2T,HESP,TRUE,M,1,46,310,Treatment,no,no
135,10-Jul-23,11C,11C,HESP,TRUE,M,1,28,301,Control,no,no
135,10-Jul-23,11C,11C,HESP,TRUE,M,1,42,98,Control,no,no
135,10-Jul-23,11C,11C,HESP,TRUE,M,1,111,163,Control,no,no
135,10-Jul-23,11C,11C,HESP,TRUE,M,1,105,171,Control,no,no
136,10-Jul-23,11T,11T,HESP,TRUE,M,1,33,172,Treatment,no,no
137,10-Jul-23,10T,10T,HESP,TRUE,M,1,51,276,Treatment,no,no
137,10-Jul-23,10T,10T,HESP,TRUE,M,1,45,220,Treatment,no,no
139,10-Jul-23,9C,9C,HESP,TRUE,M,1,48,105,Control,no,no
139,10-Jul-23,9C,9C,HESP,TRUE,M,1,142,148,Control,no,no
140,10-Jul-23,9T,9T,HESP,TRUE,M,1,121,2,Treatment,yes,no
140,10-Jul-23,9T,9T,HESP,TRUE,M,1,48,216,Treatment,yes,no
2,7-May-22,6C,6C,HOLA,FALSE,M,1,48,205,Control,yes,yes
2,7-May-22,6C,6C,HOLA,FALSE,U,4,-999,-999,Control,yes,yes
3,7-May-22,6T,6T,HOLA,FALSE,M,1,92,27,Treatment,yes,yes
70,10-May-23,5C,5T,HOLA,FALSE,M,1,134,72,Treatment,no,yes
71,10-May-23,4T,4T,HOLA,FALSE,M,1,187,64,Treatment,no,yes
74,10-May-23,2C,2C,HOLA,FALSE,M,1,71,334,Control,no,no
83,17-May-23,7C,7C,KILL,FALSE,M,1,187,24,Control,no,yes
84,17-May-23,7T,7T,KILL,FALSE,U,1,-999,-999,Treatment,yes,yes
87,17-May-23,9T,9T,MIKI,FALSE,U,1,123,8,Treatment,yes,no
2,7-May-22,6C,6C,MODO,TRUE,U,1,-999,-999,Control,yes,yes
14,10-May-22,11T,11T,MODO,TRUE,U,2,-999,-999,Treatment,no,no
15,11-May-22,3C,3C,MODO,TRUE,U,1,-999,-999,Control,no,yes
18,11-May-22,1T,1T,MODO,TRUE,U,3,156,246,Treatment,no,no
31,15-Jun-22,9C,9C,MODO,TRUE,U,2,-999,-999,Control,no,no
43,15-Jun-22,6C,6C,MODO,TRUE,U,1,-999,-999,Control,yes,yes
44,15-Jun-22,6T,6T,MODO,TRUE,U,1,-999,-999,Treatment,yes,yes
48,8-Jul-22,6T,6T,MODO,TRUE,U,1,-999,-999,Treatment,yes,yes
50,8-Jul-22,7T,7T,MODO,TRUE,F,1,130,93,Treatment,yes,yes
54,8-Jul-22,8T,8T,MODO,TRUE,U,1,-999,-999,Treatment,no,yes
62,11-Jul-22,2T,2T,MODO,TRUE,U,1,95,36,Treatment,no,no
80,17-May-23,11C,11C,MODO,TRUE,M,1,-999,-999,Control,no,no
86,17-May-23,6T,6T,MODO,TRUE,U,1,48,230,Treatment,yes,yes
90,17-May-23,10T,10T,MODO,TRUE,U,1,-999,-999,Treatment,no,no
95,9-Jun-23,9T,9T,MODO,TRUE,U,1,-999,-999,Treatment,yes,no
111,12-Jun-23,1C,1C,MODO,TRUE,U,1,196,276,Control,no,no
128,11-Jul-23,2C,2C,MODO,TRUE,U,1,-999,-999,Control,no,no
133,10-Jul-23,8T,8T,MODO,TRUE,U,2,-999,-999,Treatment,no,yes
4,7-May-22,7C,7C,NOBO,TRUE,U,1,120,104,Control,no,yes
20,11-May-22,2C,2C,NOBO,TRUE,M,1,198,114,Control,no,no
24,11-May-22,4C,4C,NOBO,TRUE,U,1,180,272,Control,no,yes
31,15-Jun-22,9C,9C,NOBO,TRUE,M,1,183,49,Control,no,no
32,15-Jun-22,9T,9T,NOBO,TRUE,M,1,197,92,Treatment,yes,no
32,15-Jun-22,9T,9T,NOBO,TRUE,M,1,180,113,Treatment,yes,no
33,15-Jun-22,10T,10T,NOBO,TRUE,M,1,190,147,Treatment,no,no
41,15-Jun-22,7C,7C,NOBO,TRUE,M,1,170,190,Control,no,yes
51,8-Jul-22,9T,9T,NOBO,TRUE,F,1,153,263,Treatment,yes,no
53,8-Jul-22,8C,8C,NOBO,TRUE,M,1,178,58,Control,no,yes
55,8-Jul-22,11C,11C,NOBO,TRUE,U,1,180,191,Control,no,no
55,8-Jul-22,11C,11C,NOBO,TRUE,U,1,190,214,Control,no,no
56,8-Jul-22,11T,11T,NOBO,TRUE,M,1,194,318,Treatment,no,no
56,8-Jul-22,11T,11T,NOBO,TRUE,M,1,180,22,Treatment,no,no
57,8-Jul-22,10T,10T,NOBO,TRUE,M,1,120,359,Treatment,no,no
61,11-Jul-22,2C,2C,NOBO,TRUE,M,1,176,151,Control,no,no
62,11-Jul-22,2T,2T,NOBO,TRUE,M,1,190,89,Treatment,no,no
80,17-May-23,11C,11C,NOBO,TRUE,U,1,168,86,Control,no,no
83,17-May-23,7C,7C,NOBO,TRUE,U,1,160,156,Control,no,yes
85,17-May-23,6C,6C,NOBO,TRUE,U,1,190,125,Control,yes,yes
88,17-May-23,9C,9C,NOBO,TRUE,U,1,93,223,Control,no,no
89,17-May-23,10C,10C,NOBO,TRUE,U,2,112,190,Control,no,no
89,17-May-23,10C,10C,NOBO,TRUE,U,1,80,60,Control,no,no
90,17-May-23,10T,10T,NOBO,TRUE,U,1,175,286,Treatment,no,no
92,9-Jun-23,8C,8C,NOBO,TRUE,U,1,112,58,Control,no,yes
93,9-Jun-23,7C,7C,NOBO,TRUE,U,1,180,60,Control,no,yes
96,9-Jun-23,9C,9C,NOBO,TRUE,U,1,200,92,Control,no,no
99,9-Jun-23,10C,10C,NOBO,TRUE,U,1,166,185,Control,no,no
106,12-Jun-23,4C,4C,NOBO,TRUE,U,1,175,41,Control,no,yes
107,12-Jun-23,2T,2T,NOBO,TRUE,U,1,93,3,Treatment,no,no
124,11-Jul-23,3C,3C,NOBO,TRUE,U,1,160,272,Control,no,yes
134,10-Jul-23,8C,8C,NOBO,TRUE,U,1,151,52,Control,no,yes
63,11-Jul-22,3T,3T,NOMO,FALSE,M,1,156,180,Treatment,no,no
33,15-Jun-22,10T,10T,NRWS,FALSE,U,1,-999,-999,Treatment,no,no
139,10-Jul-23,9C,9C,PUMA,FALSE,U,1,-999,-999,Control,no,no
63,11-Jul-22,3T,3T,RBWO,FALSE,M,1,196,108,Treatment,no,no
2,7-May-22,6C,6C,RWBL,FALSE,M,1,180,142,Control,yes,yes
3,7-May-22,6T,6T,RWBL,FALSE,M,1,190,270,Treatment,yes,yes
22,11-May-22,5T,5T,RWBL,FALSE,M,1,-999,-999,Treatment,no,yes
27,14-Jun-22,5C,5C,RWBL,FALSE,M,1,-999,-999,Control,no,yes
47,8-Jul-22,6C,6C,RWBL,FALSE,M,1,170,142,Control,yes,yes
69,10-May-23,5T,5C,RWBL,FALSE,M,1,149,94,Control,no,yes
71,10-May-23,4T,4T,RWBL,FALSE,M,1,-999,-999,Treatment,no,yes
74,10-May-23,2C,2C,RWBL,FALSE,M,1,-999,-999,Control,no,no
80,17-May-23,11C,11C,RWBL,FALSE,M,1,-999,-999,Control,no,no
83,17-May-23,7C,7C,RWBL,FALSE,U,1,139,70,Control,no,yes
84,17-May-23,7T,7T,RWBL,FALSE,M,1,-999,-999,Treatment,yes,yes
124,11-Jul-23,3C,3C,RWBL,FALSE,M,1,183,315,Control,no,yes
60,11-Jul-22,3C,3C,STFL,FALSE,U,1,156,246,Control,no,yes
62,11-Jul-22,2T,2T,STFL,FALSE,U,1,-999,-999,Treatment,no,no
13,10-May-22,11C,11C,TUTI,FALSE,U,1,190,164,Control,no,no
24,11-May-22,4C,4C,TUTI,FALSE,U,1,184,222,Control,no,yes
10,7-May-22,9C,9C,TUVU,FALSE,U,1,-999,-999,Control,no,no
11,7-May-22,10C,10C,TUVU,FALSE,U,1,-999,-999,Control,no,no
15,11-May-22,3C,3C,TUVU,FALSE,U,1,-999,-999,Control,no,yes
39,14-Jun-22,2T,2T,TUVU,FALSE,U,2,-999,-999,Treatment,no,no
67,11-Jul-22,5C,5C,TUVU,FALSE,U,2,-999,-999,Control,no,yes
68,11-Jul-22,5T,5T,TUVU,FALSE,U,1,-999,-999,Treatment,no,yes
83,17-May-23,7C,7C,TUVU,FALSE,U,1,155,97,Control,no,yes
95,9-Jun-23,9T,9T,TUVU,FALSE,U,1,-999,-999,Treatment,yes,no
96,9-Jun-23,9C,9C,TUVU,FALSE,U,2,-999,-999,Control,no,no
112,12-Jun-23,3C,3C,TUVU,FALSE,U,1,-999,-999,Control,no,yes
2,7-May-22,6C,6C,UPSA,TRUE,U,2,-999,-999,Control,yes,yes
3,7-May-22,6T,6T,UPSA,TRUE,U,1,-999,-999,Treatment,yes,yes
5,7-May-22,7T,7T,UPSA,TRUE,U,1,-999,-999,Treatment,yes,yes
9,7-May-22,9T,9T,UPSA,TRUE,M,1,120,5,Treatment,yes,no
9,7-May-22,9T,9T,UPSA,TRUE,M,1,180,246,Treatment,yes,no
20,11-May-22,2C,2C,UPSA,TRUE,M,1,91,289,Control,no,no
22,11-May-22,5T,5T,UPSA,TRUE,MF,2,-999,-999,Treatment,no,yes
28,14-Jun-22,5T,5T,UPSA,TRUE,M,1,157,114,Treatment,no,yes
42,15-Jun-22,7T,7T,UPSA,TRUE,M,1,76,349,Treatment,yes,yes
49,8-Jul-22,7C,7C,UPSA,TRUE,M,1,-999,-999,Control,no,yes
50,8-Jul-22,7T,7T,UPSA,TRUE,M,3,-999,-999,Treatment,yes,yes
67,11-Jul-22,5C,5C,UPSA,TRUE,M,1,-999,-999,Control,no,yes
70,10-May-23,5C,5T,UPSA,TRUE,U,1,-999,-999,Treatment,no,yes
71,10-May-23,4T,4T,UPSA,TRUE,U,1,-999,-999,Treatment,no,yes
72,10-May-23,4C,4C,UPSA,TRUE,U,1,-999,-999,Control,no,yes
73,10-May-23,2T,2T,UPSA,TRUE,U,1,-999,-999,Treatment,no,no
78,10-May-23,3C,3C,UPSA,TRUE,U,1,-999,-999,Control,no,yes
82,17-May-23,8C,8C,UPSA,TRUE,U,1,-999,-999,Control,no,yes
83,17-May-23,7C,7C,UPSA,TRUE,U,1,-999,-999,Control,no,yes
93,9-Jun-23,7C,7C,UPSA,TRUE,U,3,-999,-999,Control,no,yes
94,9-Jun-23,7T,7T,UPSA,TRUE,U,1,-999,-999,Treatment,yes,yes
97,9-Jun-23,6C,6C,UPSA,TRUE,U,1,-999,-999,Control,yes,yes
99,9-Jun-23,10C,10C,UPSA,TRUE,U,1,-999,-999,Control,no,no
104,12-Jun-23,5C,5T,UPSA,TRUE,U,1,-999,-999,Treatment,no,yes
105,12-Jun-23,4T,4T,UPSA,TRUE,U,1,-999,-999,Treatment,no,yes
109,12-Jun-23,3T,3T,UPSA,TRUE,U,1,93,335,Treatment,no,no
123,11-Jul-23,1C,1C,UPSA,TRUE,U,1,-999,-999,Control,no,no
127,11-Jul-23,2T,2T,UPSA,TRUE,M,1,-999,-999,Treatment,no,no
40,14-Jun-22,2C,2C,YBCU,FALSE,U,1,126,120,Control,no,no
